PLAYER_ID,player_name,seasons,clutch_gp,clutch_3pa_rate,overall_3pa_rate,3pa_rate_diff,clutch_3p_pct,overall_3p_pct,3p_pct_diff
1629016,Omari Spellman,1,11,1.0,0.3728813559322034,0.6271186440677966,0.0,0.39090909090909093,-0.39090909090909093
101109,Raymond Felton,1,21,1.0,0.4166666666666667,0.5833333333333333,0.5,0.3521739130434783,0.14782608695652172
1627098,Malcolm Delaney,1,20,1.0,0.43508771929824563,0.5649122807017544,0.5,0.3709677419354839,0.12903225806451613
1629010,Jerome Robinson,1,11,1.0,0.4935483870967742,0.5064516129032258,1.0,0.3202614379084967,0.6797385620915033
2207,Joe Johnson,1,14,0.9,0.4027777777777778,0.49722222222222223,0.0,0.27586206896551724,-0.27586206896551724
1629002,Chimezie Metu,1,14,0.8,0.4142538975501114,0.38574610244988866,0.5,0.3064516129032258,0.1935483870967742
1627782,Wayne Selden,2,29,0.7692307692307693,0.39361702127659576,0.3756137479541735,0.5,0.35135135135135137,0.14864864864864863
1630613,Duane Washington Jr.,1,18,0.8571428571428571,0.5035128805620609,0.3536299765807962,0.16666666666666666,0.3767441860465116,-0.21007751937984495
203995,Vasilije Micic,1,12,0.8,0.45787545787545786,0.3421245421245422,0.25,0.36,-0.10999999999999999
1641796,Pelle Larsson,1,11,0.8,0.46798029556650245,0.3320197044334976,0.25,0.3368421052631579,-0.08684210526315789
1641729,Brice Sensabaugh,1,16,0.9411764705882353,0.6210350584307178,0.32014141215751746,0.3125,0.4220430107526882,-0.10954301075268819
1628436,Luke Kornet,2,21,0.6666666666666666,0.3481349911190053,0.3185316755476613,0.375,0.35714285714285715,0.01785714285714285
1630267,Facundo Campazzo,1,14,1.0,0.6857142857142857,0.3142857142857143,0.2,0.35185185185185186,-0.15185185185185185
203086,Meyers Leonard,2,21,0.8,0.5021008403361344,0.2978991596638656,0.0,0.4309623430962343,-0.4309623430962343
1642348,Justin Edwards,1,14,0.8,0.5026455026455027,0.29735449735449737,0.5,0.3631578947368421,0.13684210526315788
201583,Ryan Anderson,1,11,1.0,0.70625,0.29374999999999996,0.0,0.3864306784660767,-0.3864306784660767
1630528,Josh Christopher,1,13,0.6666666666666666,0.378,0.2886666666666666,0.25,0.2962962962962963,-0.04629629629629628
1627746,Skal Labissiere,1,11,0.4,0.11135371179039301,0.288646288209607,1.0,0.35294117647058826,0.6470588235294117
203957,Danté Exum,1,14,0.631578947368421,0.3576158940397351,0.2739630533286859,0.6666666666666666,0.49074074074074076,0.17592592592592587
1629004,Svi Mykhailiuk,2,29,0.9285714285714286,0.6575192096597146,0.27105221891171405,0.3076923076923077,0.3672787979966611,-0.05958649030435337
1642275,Tidjane Salaün,1,11,0.8571428571428571,0.5942028985507246,0.2629399585921325,0.16666666666666666,0.28292682926829266,-0.116260162601626
1626147,Justin Anderson,1,11,0.75,0.49044585987261147,0.25955414012738853,0.6666666666666666,0.3116883116883117,0.35497835497835495
1891,Jason Terry,1,13,1.0,0.7467532467532467,0.2532467532467533,0.5,0.34782608695652173,0.15217391304347827
203917,Nik Stauskas,1,10,0.8,0.5562130177514792,0.2437869822485208,0.25,0.3723404255319149,-0.12234042553191488
1629723,John Konchar,2,29,0.8,0.5625,0.23750000000000004,0.375,0.32996632996632996,0.04503367003367004
101123,Gerald Green,1,17,1.0,0.7629757785467128,0.23702422145328716,0.0,0.35374149659863946,-0.35374149659863946
1627755,Tyler Ulis,1,18,0.5,0.26497277676951,0.23502722323049002,0.4,0.2876712328767123,0.11232876712328771
1627853,Ryan Arcidiacono,1,20,0.75,0.5191387559808612,0.23086124401913877,0.5,0.37327188940092165,0.12672811059907835
1631107,Nikola Jović,1,15,0.7857142857142857,0.5570291777188329,0.22868510799545283,0.2727272727272727,0.37142857142857144,-0.09870129870129873
1642258,Zaccharie Risacher,1,11,0.6666666666666666,0.441591784338896,0.22507488232777062,0.0,0.3546511627906977,-0.3546511627906977
1629667,Jalen McDaniels,1,30,0.6,0.3760129659643436,0.2239870340356564,0.3333333333333333,0.33189655172413796,0.001436781609195359
1629676,Isaiah Roby,2,26,0.5,0.2765957446808511,0.22340425531914893,0.5,0.36538461538461536,0.13461538461538464
1630237,Anthony Lamb,1,14,0.8571428571428571,0.6337579617834395,0.22338489535941763,0.3333333333333333,0.36683417085427134,-0.03350083752093802
201975,Jodie Meeks,1,11,0.75,0.5343511450381679,0.21564885496183206,0.3333333333333333,0.34285714285714286,-0.009523809523809545
203967,Dario Šarić,5,110,0.6666666666666666,0.4516468114926419,0.21501985517402472,0.325,0.37238169123351433,-0.04738169123351432
1629234,Drew Eubanks,2,32,0.25,0.03577512776831346,0.21422487223168654,0.0,0.47619047619047616,-0.47619047619047616
203118,Mike Scott,3,48,0.7,0.4884080370942813,0.21159196290571863,0.6190476190476191,0.39082278481012656,0.2282248342374925
202329,Al-Farouq Aminu,2,66,0.7346938775510204,0.5268085106382979,0.20788536691272252,0.3333333333333333,0.3570274636510501,-0.023694130317716777
1628998,Cody Martin,3,70,0.6129032258064516,0.40523560209424087,0.20766762371221076,0.2631578947368421,0.3152454780361757,-0.052087583299333606
203463,Ben McLemore,3,32,1.0,0.7929606625258799,0.20703933747412007,0.3125,0.3733681462140992,-0.060868146214099195
1631323,Simone Fontecchio,1,16,0.8125,0.6094890510948905,0.2030109489051095,0.15384615384615385,0.40119760479041916,-0.2473514509442653
2747,JR Smith,1,35,0.8421052631578947,0.6403361344537815,0.20176912870411323,0.125,0.3753280839895013,-0.2503280839895013
1629056,Terence Davis,1,13,0.7857142857142857,0.5855263157894737,0.20018796992481203,0.45454545454545453,0.36704119850187267,0.08750425604358186
203998,Bruno Caboclo,1,15,0.7777777777777778,0.5777777777777777,0.20000000000000007,0.5714285714285714,0.36923076923076925,0.20219780219780215
203112,Quincy Acy,1,27,1.0,0.8,0.19999999999999996,0.18181818181818182,0.3493150684931507,-0.16749688667496887
1627774,Jake Layman,1,11,0.625,0.4268867924528302,0.19811320754716982,0.0,0.3259668508287293,-0.3259668508287293
1629626,Bol Bol,1,15,0.42857142857142855,0.23640167364016737,0.19216975493126118,0.3333333333333333,0.26548672566371684,0.06784660766961648
202711,Bojan Bogdanovic,7,224,0.6462093862815884,0.45490885833066835,0.19130052795092006,0.30726256983240224,0.4031634446397188,-0.09590087480731657
1628977,Hamidou Diallo,1,10,0.36363636363636365,0.17446808510638298,0.18916827852998067,0.25,0.34146341463414637,-0.09146341463414637
201158,Marco Belinelli,3,63,0.7358490566037735,0.5475113122171946,0.1883377443865789,0.4358974358974359,0.375,0.0608974358974359
202325,Wesley Johnson,1,23,0.6666666666666666,0.48097826086956524,0.18568840579710139,0.5,0.3389830508474576,0.1610169491525424
1628373,Frank Ntilikina,5,73,0.5806451612903226,0.3951734539969834,0.18547170729333923,0.2777777777777778,0.3187022900763359,-0.04092451229855809
1627788,Furkan Korkmaz,2,36,0.7857142857142857,0.6021297192642788,0.18358456645000687,0.45454545454545453,0.3536977491961415,0.10084770534931303
1629642,Nassir Little,1,12,0.6666666666666666,0.4888888888888889,0.17777777777777776,0.0,0.33116883116883117,-0.33116883116883117
1626169,Stanley Johnson,4,83,0.6428571428571429,0.465633423180593,0.17722371967654993,0.2777777777777778,0.2995658465991317,-0.021788068821353923
1628972,Troy Brown Jr.,2,43,0.6,0.42318307267709293,0.17681692732290705,0.2,0.3652173913043478,-0.16521739130434782
1641783,Tristan da Silva,1,10,0.6666666666666666,0.494824016563147,0.17184265010351962,0.25,0.33472803347280333,-0.08472803347280333
202714,Shelvin Mack,2,41,0.5,0.3292533659730722,0.1707466340269278,0.2727272727272727,0.34944237918215615,-0.07671510645488344
1642377,Jaylen Wells,1,24,0.75,0.5798816568047337,0.1701183431952663,0.3333333333333333,0.3520408163265306,-0.0187074829931973
202323,Evan Turner,2,53,0.35,0.1803921568627451,0.16960784313725488,0.2857142857142857,0.28804347826086957,-0.002329192546583869
1630591,Jalen Suggs,4,70,0.6376811594202898,0.4686785550983082,0.1690026043219816,0.3409090909090909,0.32878048780487806,0.01212860310421282
1641717,Cason Wallace,2,30,0.6428571428571429,0.4747583243823845,0.16809881847475838,0.5555555555555556,0.3891402714932127,0.1664152840623429
1629065,Ky Bowman,1,11,0.5,0.3333333333333333,0.16666666666666669,1.0,0.308411214953271,0.691588785046729
2734,Devin Harris,1,17,0.6666666666666666,0.5,0.16666666666666663,0.5,0.34801762114537443,0.15198237885462557
1630592,Jalen Wilson,1,20,0.75,0.5838709677419355,0.16612903225806452,0.3333333333333333,0.3370165745856354,-0.003683241252302072
1630577,Julian Champagnie,2,38,0.875,0.7094657919400188,0.1655342080599812,0.42857142857142855,0.36856010568031705,0.060011322891111496
202691,Klay Thompson,6,181,0.6937984496124031,0.5286872466479576,0.16511120296444548,0.3016759776536313,0.40371571807726336,-0.10203974042363206
1627814,Damion Lee,4,78,0.7,0.5351851851851852,0.16481481481481475,0.3333333333333333,0.3863898500576701,-0.05305651672433681
1626209,Mario Hezonja,2,28,0.5714285714285714,0.41317365269461076,0.15825491873396064,0.16666666666666666,0.33043478260869563,-0.16376811594202897
1628462,Milos Teodosic,1,16,0.8,0.6444444444444445,0.15555555555555556,0.25,0.3793103448275862,-0.1293103448275862
1629656,Quentin Grimes,2,62,0.7358490566037735,0.5810526315789474,0.15479642502482616,0.38461538461538464,0.3852657004830918,-0.0006503158677071408
1629629,Cam Reddish,3,49,0.6153846153846154,0.46241674595623217,0.15296786942838325,0.125,0.3148148148148148,-0.18981481481481483
201147,Corey Brewer,1,18,0.5,0.34810126582278483,0.15189873417721517,0.6666666666666666,0.2818181818181818,0.38484848484848483
203082,Terrence Ross,5,121,0.6793893129770993,0.5290763968072976,0.1503129161698017,0.3146067415730337,0.35290948275862066,-0.038302741185586964
1628970,Miles Bridges,6,155,0.5478723404255319,0.3991479903685868,0.14872435005694512,0.30097087378640774,0.3396751740139211,-0.038704300227513366
1628416,Tyler Dorsey,1,13,0.6666666666666666,0.5209424083769634,0.14572425828970326,0.3333333333333333,0.36180904522613067,-0.02847571189279735
1630182,Josh Green,3,78,0.6571428571428571,0.5131690739167375,0.14397378322611964,0.30434782608695654,0.3923841059602649,-0.08803627987330837
1631260,AJ Green,1,25,1.0,0.8561320754716981,0.14386792452830188,0.5454545454545454,0.42699724517906334,0.11845730027548207
1631212,Peyton Watson,2,37,0.47058823529411764,0.3291428571428571,0.14144537815126051,0.375,0.3229166666666667,0.052083333333333315
202362,Lance Stephenson,2,33,0.5142857142857142,0.37598597721297106,0.13829973707274318,0.2222222222222222,0.32634032634032634,-0.10411810411810413
1630537,Chris Duarte,1,19,0.5483870967741935,0.4106280193236715,0.13775907745052202,0.29411764705882354,0.3686274509803922,-0.07450980392156864
1629639,Tyler Herro,6,168,0.5911764705882353,0.4536482199506521,0.13752825063758323,0.31343283582089554,0.3822843822843823,-0.06885154646348673
202083,Wesley Matthews,6,133,0.78125,0.6451612903225806,0.13608870967741937,0.32,0.360126582278481,-0.04012658227848098
203585,Rodney McGruder,2,30,0.625,0.48909657320872274,0.13590342679127726,0.3,0.32802547770700635,-0.028025477707006363
1629060,Rui Hachimura,5,99,0.42028985507246375,0.28491251238032356,0.1353773426921402,0.3793103448275862,0.3719582850521437,0.00735205977544251
1630533,Ziaire Williams,3,48,0.6896551724137931,0.5544629349470499,0.13519223746674325,0.15,0.32332878581173263,-0.17332878581173264
1629139,Yuta Watanabe,1,15,0.7142857142857143,0.5818965517241379,0.1323891625615764,0.6,0.4444444444444444,0.15555555555555556
1629684,Grant Williams,5,108,0.6923076923076923,0.563165905631659,0.12914178667603327,0.3888888888888889,0.37747747747747745,0.011411411411411443
201587,Nicolas Batum,7,174,0.7592592592592593,0.6302841302841303,0.12897512897512897,0.4146341463414634,0.3908741066520066,0.02376003968945678
1631095,Jabari Smith Jr.,3,92,0.5862068965517241,0.45744216499345264,0.12876473155827145,0.3137254901960784,0.33969465648854963,-0.025969166292471202
203121,Darius Miller,2,61,0.8717948717948718,0.7435633367662204,0.12823153502865137,0.38235294117647056,0.3878116343490305,-0.005458693172559925
1629674,Neemias Queta,1,10,0.14285714285714285,0.014778325123152709,0.12807881773399013,0.0,0.0,0.0
1628995,Kevin Knox II,1,19,0.5263157894736842,0.3982494529540481,0.12806633651963606,0.3,0.3434065934065934,-0.04340659340659342
202340,Avery Bradley,4,93,0.5492957746478874,0.42268565615462866,0.1266101184932587,0.3076923076923077,0.36823104693140796,-0.06053873923910025
1630165,Killian Hayes,4,67,0.4666666666666667,0.34072810011376564,0.12593856655290103,0.2857142857142857,0.27712854757929883,0.008585738134986864
202709,Cory Joseph,6,147,0.4864864864864865,0.3608172199927034,0.12566926649378313,0.2777777777777778,0.3619817997977755,-0.08420402201999772
1627885,Shaquille Harrison,1,14,0.3333333333333333,0.20892018779342722,0.1244131455399061,0.6666666666666666,0.2696629213483146,0.39700374531835203
201980,Danny Green,5,137,0.8267716535433071,0.7058125741399762,0.12095907940333084,0.3238095238095238,0.3988795518207283,-0.07507002801120449
1626163,Frank Kaminsky,3,50,0.5263157894736842,0.4065102195306586,0.1198055699430256,0.4,0.36312849162011174,0.036871508379888285
1629661,Cameron Johnson,6,138,0.7217391304347827,0.6038980509745128,0.11784107946026989,0.3253012048192771,0.39175769612711026,-0.06645649130783315
1627863,Danuel House Jr.,3,45,0.7741935483870968,0.6572295247724975,0.11696402361459923,0.4166666666666667,0.38,0.03666666666666668
2546,Carmelo Anthony,4,125,0.5279503105590062,0.4121739130434783,0.11577639751552793,0.29411764705882354,0.37834036568213786,-0.08422271862331432
1626157,Karl-Anthony Towns,8,230,0.4265536723163842,0.31151328455910665,0.11504038775727754,0.3509933774834437,0.40626287597857436,-0.05526949849513063
1626185,Jarell Martin,1,21,0.3125,0.1975806451612903,0.11491935483870969,0.0,0.3469387755102041,-0.3469387755102041
1629633,Jarrett Culver,1,11,0.5,0.3884007029876977,0.11159929701230231,0.0,0.2986425339366516,-0.2986425339366516
200826,J.J. Barea,1,25,0.5652173913043478,0.45362318840579713,0.11159420289855065,0.15384615384615385,0.36741214057507987,-0.21356598672892602
2544,LeBron James,8,248,0.42105263157894735,0.3095092024539877,0.11154342912495963,0.29411764705882354,0.3607532210109019,-0.06663557395207836
1628379,Luke Kennard,8,145,0.6986301369863014,0.5877993158494869,0.11083082113681453,0.47058823529411764,0.4379243452958293,0.03266388999828834
1628398,Kyle Kuzma,8,239,0.509641873278237,0.40141206675224644,0.10822980652599051,0.31891891891891894,0.3341861208826351,-0.01526720196371617
1628412,Frank Mason III,1,13,0.3333333333333333,0.22631578947368422,0.1070175438596491,0.0,0.36046511627906974,-0.36046511627906974
1630183,Jaden McDaniels,5,164,0.5161290322580645,0.41206840916424653,0.10406062309381797,0.265625,0.3484729835552075,-0.0828479835552075
1630170,Devin Vassell,4,99,0.5641025641025641,0.4603510895883777,0.10375147451418637,0.22727272727272727,0.3708086785009862,-0.14353595122825893
1629134,Kendrick Nunn,2,39,0.5555555555555556,0.45229007633587787,0.10326547921967771,0.3333333333333333,0.36427566807313644,-0.030942334739803123
200752,Rudy Gay,4,88,0.4222222222222222,0.3191065017949741,0.10311572042724815,0.3684210526315789,0.36375,0.004671052631578909
1626167,Myles Turner,8,243,0.47342995169082125,0.3707418622255867,0.10268808946523456,0.3979591836734694,0.36396120469627363,0.03399797897719575
203953,Jabari Parker,2,39,0.3684210526315789,0.266553480475382,0.1018675721561969,0.21428571428571427,0.2961783439490446,-0.0818926296633303
1630530,Trey Murphy III,4,83,0.71875,0.6172644856129287,0.10148551438707132,0.2826086956521739,0.3831417624521073,-0.1005330667999334
203114,Khris Middleton,8,206,0.4742268041237113,0.37616822429906543,0.09805857982464589,0.3115942028985507,0.3796583850931677,-0.06806418219461696
1629164,Brandon Goodwin,1,10,0.45454545454545453,0.35714285714285715,0.09740259740259738,0.2,0.34545454545454546,-0.14545454545454545
203484,Kentavious Caldwell-Pope,8,245,0.6294416243654822,0.5324675324675324,0.09697409189794981,0.3387096774193548,0.38369129959956316,-0.04498162218020835
1628390,Terrance Ferguson,2,50,0.8,0.7035330261136713,0.09646697388632874,0.2,0.3384279475982533,-0.13842794759825328
203506,Victor Oladipo,5,98,0.47761194029850745,0.38193343898573695,0.0956785013127705,0.34375,0.34522821576763485,-0.0014782157676348495
1626192,Pat Connaughton,7,143,0.7534246575342466,0.6604754829123328,0.09294917462191377,0.36363636363636365,0.3560179977502812,0.0076183658860824455
2594,Kyle Korver,2,54,0.84,0.7487073422957601,0.09129265770423989,0.38095238095238093,0.4171270718232044,-0.03617469087082348
201143,Al Horford,8,218,0.5435897435897435,0.45293986139056563,0.09064988219917791,0.39622641509433965,0.38548864758144125,0.0107377675128984
1629066,Rodions Kurucs,1,15,0.5,0.40979955456570155,0.09020044543429845,0.6666666666666666,0.31521739130434784,0.3514492753623188
1642367,Jonathan Mogbo,1,17,0.2857142857142857,0.19662921348314608,0.08908507223113962,0.0,0.24285714285714285,-0.24285714285714285
203922,Glenn Robinson III,1,22,0.42105263157894735,0.3327702702702703,0.08828236130867706,0.375,0.39086294416243655,-0.015862944162436554
1629622,Max Strus,4,105,0.8105263157894737,0.7238289205702647,0.08669739521920894,0.37662337662337664,0.37084974676420934,0.005773629859167295
203200,Justin Holiday,6,182,0.7435897435897436,0.6569570135746606,0.08663273001508298,0.3333333333333333,0.3671975893241498,-0.033864255990816494
1626150,Andrew Harrison,1,17,0.4166666666666667,0.331002331002331,0.08566433566433568,0.0,0.33098591549295775,-0.33098591549295775
203992,Bogdan Bogdanović,8,217,0.6260162601626016,0.5406674492705015,0.08534881089210011,0.3246753246753247,0.38244416873449133,-0.05776884405916666
1627812,Yogi Ferrell,1,40,0.5769230769230769,0.4917808219178082,0.08514225500526867,0.2,0.3732590529247911,-0.1732590529247911
1627824,Guerschon Yabusele,1,26,0.5714285714285714,0.4866785079928952,0.0847500634356762,0.1875,0.3795620437956204,-0.19206204379562042
101141,Ersan Ilyasova,2,39,0.5,0.4154929577464789,0.08450704225352113,0.29411764705882354,0.36077481840193704,-0.0666571713431135
203095,Evan Fournier,5,151,0.5769230769230769,0.49256850905712957,0.0843545678659473,0.26666666666666666,0.3823668081093824,-0.11570014144271573
1628401,Derrick White,7,183,0.6032608695652174,0.5193719412724307,0.08388892829278671,0.40540540540540543,0.3674911660777385,0.03791423932766691
1627832,Fred VanVleet,8,241,0.6300268096514745,0.5465013286093888,0.08352548104208568,0.2978723404255319,0.37142085359265264,-0.07354851316712074
201578,Marreese Speights,1,14,0.75,0.667621776504298,0.08237822349570201,0.3333333333333333,0.36909871244635195,-0.035765379113018636
1628467,Maxi Kleber,8,171,0.6976744186046512,0.6158292574477545,0.08184516115689666,0.4,0.35379061371841153,0.046209386281588494
203085,Austin Rivers,5,111,0.6266666666666667,0.5456212746446584,0.08104539202200833,0.425531914893617,0.35042016806722687,0.07511174682639016
1626179,Terry Rozier,8,226,0.5513513513513514,0.4713773409483331,0.07997401040301827,0.37254901960784315,0.3643279797125951,0.008221039895248028
1629731,Dean Wade,3,37,0.8181818181818182,0.7383458646616541,0.07983595352016415,0.2222222222222222,0.35845213849287166,-0.13622991627064945
202722,Davis Bertans,4,98,0.8607594936708861,0.7813319349764027,0.07942755869448337,0.4117647058823529,0.4080536912751678,0.003711014607185148
202693,Markieff Morris,4,68,0.5,0.42202291978076734,0.07797708021923266,0.4,0.35064935064935066,0.04935064935064937
200755,JJ Redick,3,105,0.6532258064516129,0.576271186440678,0.0769546200109349,0.3333333333333333,0.41928864569083446,-0.08595531235750115
1630526,Jeremiah Robinson-Earl,3,39,0.5555555555555556,0.47878128400435255,0.07677427155120303,0.5,0.3431818181818182,0.1568181818181818
1630559,Austin Reaves,4,119,0.5555555555555556,0.47899461400359067,0.07656094155196491,0.3384615384615385,0.3695652173913043,-0.031103678929765843
203458,Alex Len,4,67,0.2558139534883721,0.17929759704251386,0.07651635644585825,0.18181818181818182,0.3402061855670103,-0.1583880037488285
1628989,Kevin Huerter,7,189,0.6455696202531646,0.5693400167084378,0.07622960354472674,0.3627450980392157,0.37527512839325017,-0.012530030354034494
201229,Anthony Tolliver,2,44,0.8695652173913043,0.7934336525307798,0.07613156486052453,0.3,0.41379310344827586,-0.11379310344827587
1630560,Cam Thomas,4,60,0.42105263157894735,0.34498655397618133,0.07606607760276601,0.22916666666666666,0.34521158129175944,-0.11604491462509278
1626224,Cedi Osman,6,108,0.6179775280898876,0.5421276595744681,0.07584986851541953,0.3090909090909091,0.3568812140240712,-0.04779030493316211
203382,Aron Baynes,3,40,0.3333333333333333,0.2581786030061892,0.07515473032714409,0.16666666666666666,0.3047945205479452,-0.13812785388127855
1630171,Isaac Okoro,5,136,0.509090909090909,0.43424198947871834,0.0748489196121907,0.32142857142857145,0.3513215859030837,-0.02989301447451226
201976,Patrick Beverley,6,130,0.6567164179104478,0.5833709896068685,0.07334542830357926,0.4090909090909091,0.36560805577072036,0.04348285332018875
101107,Marvin Williams,3,82,0.6417910447761194,0.5688259109311741,0.0729651338449453,0.23255813953488372,0.3819691577698695,-0.1494110182349858
1626170,Jerian Grant,1,17,0.4444444444444444,0.3717693836978131,0.07267506074663133,0.25,0.32620320855614976,-0.07620320855614976
203501,Tim Hardaway Jr.,8,228,0.6463414634146342,0.5746592781189157,0.07168218529571846,0.2893081761006289,0.36382590565545997,-0.07451772955483105
1630532,Franz Wagner,4,122,0.37435897435897436,0.3027586206896552,0.07160035366931916,0.1917808219178082,0.3219438116932422,-0.130162989775434
1626158,Richaun Holmes,4,88,0.08163265306122448,0.010101010101010102,0.07153164296021439,0.25,0.25,0.0
1631128,Christian Braun,3,59,0.375,0.30382925298179536,0.07117074701820464,0.5,0.384297520661157,0.11570247933884298
1629647,Darius Bazley,3,64,0.47058823529411764,0.39947437582128775,0.07111385947282989,0.16666666666666666,0.30098684210526316,-0.1343201754385965
1629013,Landry Shamet,5,83,0.7714285714285715,0.7008784096162737,0.07055016181229778,0.4444444444444444,0.3845646437994723,0.059879800644972114
1629018,Gary Trent Jr.,6,168,0.6130653266331658,0.5426226057672069,0.07044272086595893,0.4016393442622951,0.39177657098525986,0.00986277327703522
203107,Tomas Satoransky,4,90,0.39344262295081966,0.3232998885172798,0.07014273443353986,0.25,0.3741379310344828,-0.12413793103448278
203076,Anthony Davis,8,212,0.19362745098039216,0.12426991425375916,0.069357536726633,0.24050632911392406,0.297,-0.05649367088607593
1628971,Bruce Brown,7,156,0.32222222222222224,0.25316074653823,0.06906147568399224,0.3448275862068966,0.33650416171224734,0.008323424494649234
203488,Mike Muscala,4,67,0.7222222222222222,0.6537510305028854,0.0684711917193368,0.4230769230769231,0.38083228247162676,0.04224464060529631
202696,Nikola Vučević,8,270,0.3370165745856354,0.26989317636799653,0.06712339821763885,0.28688524590163933,0.3505654281098546,-0.06368018220821525
1628978,Donte DiVincenzo,6,130,0.717391304347826,0.6503067484662577,0.06708455588156836,0.3333333333333333,0.38379073756432247,-0.050457404230989156
1641710,Anthony Black,2,31,0.4,0.3333333333333333,0.06666666666666671,0.16666666666666666,0.34256055363321797,-0.1758938869665513
1629726,Garrison Mathews,3,41,0.9047619047619048,0.8397905759162304,0.06497132884567436,0.3684210526315789,0.3740648379052369,-0.005643785273657997
202397,Ish Smith,4,80,0.2602739726027397,0.19593192195931922,0.0643420506434205,0.5263157894736842,0.3516949152542373,0.1746208742194469
1630166,Deni Avdija,5,120,0.4606741573033708,0.3965351299326275,0.06413902737074328,0.2682926829268293,0.33737864077669905,-0.06908595784986976
1630552,Jalen Johnson,3,56,0.34782608695652173,0.2841634738186462,0.06366261313787552,0.25,0.3258426966292135,-0.0758426966292135
1626164,Devin Booker,8,243,0.39341085271317827,0.32996432818073723,0.06344652453244104,0.2413793103448276,0.35375375375375373,-0.11237444340892613
1630230,Naji Marshall,4,76,0.4230769230769231,0.3598708983324368,0.06320602474448628,0.22727272727272727,0.3183856502242152,-0.09111292295148796
201145,Jeff Green,5,131,0.4533333333333333,0.3912087912087912,0.062124542124542104,0.29411764705882354,0.34925093632958804,-0.055133289270764496
1630167,Obi Toppin,3,50,0.5,0.43791641429436706,0.06208358570563294,0.3333333333333333,0.3651452282157676,-0.0318118948824343
1627736,Malik Beasley,7,193,0.7231638418079096,0.661346541918914,0.06181729988899565,0.296875,0.3927877947295423,-0.09591279472954228
202710,Jimmy Butler III,8,235,0.2297029702970297,0.16837846249610955,0.061324507800920164,0.22413793103448276,0.3197781885397412,-0.09564025750525845
1641733,Nick Smith Jr.,1,17,0.6,0.5387323943661971,0.061267605633802846,0.5555555555555556,0.33986928104575165,0.21568627450980393
203932,Aaron Gordon,8,234,0.36923076923076925,0.3082706766917293,0.060960092539039945,0.375,0.34146341463414637,0.03353658536585363
202331,Paul George,8,226,0.5155807365439093,0.45507068223724645,0.0605100543066629,0.34065934065934067,0.39222042139384117,-0.0515610807345005
1628372,Dennis Smith Jr.,4,93,0.37168141592920356,0.3112824675324675,0.06039894839673604,0.19047619047619047,0.2985658409387223,-0.10808965046253183
1630202,Payton Pritchard,3,55,0.7142857142857143,0.6545075560187598,0.05977815826695454,0.26666666666666666,0.4012738853503185,-0.13460721868365183
204060,Joe Ingles,7,155,0.735632183908046,0.6759941089837997,0.05963807492424622,0.359375,0.4130718954248366,-0.05369689542483658
1629308,Juan Toscano-Anderson,3,41,0.4375,0.3781942078364566,0.059305792163543425,0.42857142857142855,0.32882882882882886,0.09974259974259969
1626220,Royce O'Neale,8,228,0.7395833333333334,0.6806342015855039,0.05894913174782945,0.4647887323943662,0.38519134775374375,0.07959738464062244
1631096,Chet Holmgren,1,35,0.425,0.36621196222455404,0.058788037775445945,0.4117647058823529,0.36962750716332377,0.042137198719029156
201142,Kevin Durant,7,195,0.3555045871559633,0.29683666881859266,0.05866791833737062,0.3548387096774194,0.4049586776859504,-0.050119968008531024
1629001,De'Anthony Melton,5,97,0.5945945945945946,0.536,0.058594594594594596,0.4090909090909091,0.373134328358209,0.03595658073270014
1627854,Bryn Forbes,4,96,0.6049382716049383,0.5469269102990033,0.05801136130593498,0.3877551020408163,0.4062262718299165,-0.018471169789100184
1631204,Marcus Sasser,1,13,0.5714285714285714,0.5135135135135135,0.05791505791505791,0.5,0.3815789473684211,0.11842105263157893
2772,Trevor Ariza,3,70,0.7021276595744681,0.6446522501461134,0.05747540942835472,0.30303030303030304,0.35539437896645515,-0.05236407593615211
1631094,Paolo Banchero,3,96,0.32085561497326204,0.26395348837209304,0.056902126601169,0.26666666666666666,0.32048458149779735,-0.053817914831130687
1628415,Dillon Brooks,6,191,0.47738693467336685,0.42081447963800905,0.056572455035357794,0.35789473684210527,0.3574193548387097,0.0004753820033955858
1631170,Jaime Jaquez Jr.,2,40,0.3333333333333333,0.27696289905090593,0.056370434282427384,0.25,0.3177570093457944,-0.06775700934579437
203914,Gary Harris,7,164,0.536,0.48008973639932695,0.05591026360067308,0.29850746268656714,0.375,-0.07649253731343286
201162,Jared Dudley,1,20,0.6875,0.6317991631799164,0.05570083682008364,0.45454545454545453,0.3509933774834437,0.1035520770620108
1629643,Chuma Okeke,2,29,0.625,0.5695216907675195,0.05547830923248054,0.5,0.326171875,0.173828125
201566,Russell Westbrook,8,278,0.2913793103448276,0.23613919335958283,0.05524011698524478,0.23668639053254437,0.2978819287967553,-0.061195538264210925
1629660,Ty Jerome,3,33,0.5,0.4452861952861953,0.054713804713804715,0.5,0.3780718336483932,0.1219281663516068
1629631,De'Andre Hunter,6,158,0.47333333333333333,0.41886490807354115,0.054468425259792175,0.323943661971831,0.37340966921119595,-0.04946600723936495
1627759,Jaylen Brown,8,240,0.4101123595505618,0.3560172755923894,0.05409508395817242,0.3493150684931507,0.36,-0.010684931506849293
1629638,Nickeil Alexander-Walker,5,98,0.6029411764705882,0.549284885968303,0.05365629050228515,0.34146341463414637,0.36171710063335677,-0.020253685999210402
202738,Isaiah Thomas,1,16,0.5,0.44655581947743467,0.05344418052256533,0.1111111111111111,0.2925531914893617,-0.1814420803782506
1628960,Grayson Allen,5,133,0.726027397260274,0.6728144596090003,0.05321293765127366,0.3584905660377358,0.4199561403508772,-0.06146557431314137
1630322,Lindy Waters III,1,12,0.8,0.7469879518072289,0.053012048192771166,0.25,0.34408602150537637,-0.09408602150537637
1630197,Aleksej Pokusevski,1,13,0.47058823529411764,0.41767068273092367,0.05291755256319397,0.375,0.36538461538461536,0.009615384615384637
1630557,Corey Kispert,4,92,0.6666666666666666,0.6159479251423922,0.05071874152427447,0.3181818181818182,0.38243064729194187,-0.0642488291101237
1630598,Aaron Wiggins,3,61,0.4090909090909091,0.3584029712163417,0.050687937874567435,0.3333333333333333,0.39378238341968913,-0.060449050086355816
1628374,Lauri Markkanen,8,204,0.5454545454545454,0.4954084098598357,0.05004613559470972,0.3525641025641026,0.3713821138211382,-0.01881801125703564
1626162,Kelly Oubre Jr.,8,214,0.4708171206225681,0.42094017094017094,0.04987694968239714,0.4297520661157025,0.32741116751269034,0.10234089860301215
101150,Lou Williams,4,121,0.36893203883495146,0.31969435543505054,0.04923768339990092,0.35526315789473684,0.36314572089437164,-0.007882562999634801
1630169,Tyrese Haliburton,5,163,0.5426356589147286,0.4937825005652272,0.048853158349501435,0.37857142857142856,0.39194139194139194,-0.013369963369963378
1628407,Dwayne Bacon,3,42,0.34285714285714286,0.29421352893235536,0.0486436139247875,0.16666666666666666,0.32132963988919666,-0.15466297322253
2548,Dwyane Wade,2,66,0.275,0.22655298416565164,0.04844701583434838,0.15151515151515152,0.3172043010752688,-0.1656891495601173
1629672,Eric Paschall,1,17,0.25,0.2015625,0.048437499999999994,0.25,0.2868217054263566,-0.0368217054263566
1629003,Shake Milton,2,29,0.34782608695652173,0.3,0.04782608695652174,0.25,0.36182336182336183,-0.11182336182336183
1938,Manu Ginobili,1,24,0.46153846153846156,0.4146868250539957,0.046851636484465886,0.3333333333333333,0.3333333333333333,0.0
204038,Langston Galloway,3,65,0.6785714285714286,0.6324029952348537,0.04616843333657494,0.21052631578947367,0.3681377825618945,-0.15761146677242083
1641711,Gradey Dick,1,21,0.55,0.5038639876352395,0.046136012364760504,0.18181818181818182,0.3496932515337423,-0.1678750697155605
1626174,Christian Wood,4,85,0.3894736842105263,0.3438282647584973,0.04564541945202899,0.32432432432432434,0.38189386056191466,-0.05756953623759031
203903,Jordan Clarkson,7,165,0.49159663865546216,0.44627629334849345,0.04532034530696871,0.3504273504273504,0.33503184713375794,0.01539550329359246
2225,Tony Parker,1,14,0.15384615384615385,0.1101511879049676,0.043694965941186256,0.5,0.2549019607843137,0.2450980392156863
1630191,Isaiah Stewart,5,97,0.3090909090909091,0.2660775650466372,0.04301334404427187,0.35294117647058826,0.34501845018450183,0.007922726286086423
1629008,Michael Porter Jr.,4,119,0.5425531914893617,0.4996011699016219,0.04295202158773975,0.43137254901960786,0.4103246407663651,0.021047908253242764
202734,E'Twaun Moore,3,83,0.4,0.3575791227096058,0.04242087729039423,0.19230769230769232,0.41459627329192544,-0.22228858098423313
1641705,Victor Wembanyama,2,57,0.43243243243243246,0.3901125795398923,0.042319852892540144,0.20833333333333334,0.33877038895859474,-0.1304370556252614
1630198,Isaiah Joe,3,70,0.8095238095238095,0.767235926628716,0.042287882895093554,0.29411764705882354,0.41220115416323166,-0.11808350710440813
202694,Marcus Morris Sr.,6,151,0.48366013071895425,0.44202725316758307,0.041632877551371184,0.40540540540540543,0.3931855056787453,0.012219899726660155
1630596,Evan Mobley,4,134,0.19090909090909092,0.14930448222565687,0.04160460868343405,0.19047619047619047,0.3146997929606625,-0.12422360248447206
202684,Tristan Thompson,4,67,0.058823529411764705,0.017298735861610112,0.04152479355015459,0.0,0.34615384615384615,-0.34615384615384615
1630581,Josh Giddey,4,118,0.3225806451612903,0.2819691232158462,0.040611521945444096,0.225,0.32954545454545453,-0.10454545454545452
204456,T.J. McConnell,7,119,0.14285714285714285,0.10286935286935286,0.039987789987789985,0.2222222222222222,0.37091988130563797,-0.14869765908341576
1629637,Jaxson Hayes,3,34,0.06666666666666667,0.027559055118110236,0.03910761154855643,1.0,0.3333333333333333,0.6666666666666667
1630563,Joshua Primo,1,11,0.5454545454545454,0.5074074074074074,0.038047138047137996,0.3333333333333333,0.30656934306569344,0.02676399026763987
1630688,Ish Wainright,1,11,0.8,0.762114537444934,0.037885462555066085,0.5,0.32947976878612717,0.17052023121387283
1630172,Patrick Williams,4,90,0.43902439024390244,0.4014423076923077,0.03758208255159473,0.3333333333333333,0.38802395209580837,-0.05469061876247505
1627756,Denzel Valentine,2,43,0.5757575757575758,0.5382585751978892,0.03749900055968658,0.2631578947368421,0.36437908496732024,-0.10122119023047815
202689,Kemba Walker,5,138,0.5105740181268882,0.47310317141710156,0.03747084670978662,0.3254437869822485,0.36953754773016545,-0.04409376074791693
203526,Raul Neto,2,44,0.35714285714285715,0.31981981981981983,0.03732303732303732,0.4,0.3485915492957746,0.051408450704225395
203933,T.J. Warren,3,78,0.2222222222222222,0.18569824035941596,0.036523981862806254,0.5,0.3790322580645161,0.12096774193548387
203499,Shane Larkin,1,11,0.42857142857142855,0.3926940639269406,0.03587736464448793,0.3333333333333333,0.36046511627906974,-0.027131782945736427
201949,James Johnson,4,82,0.3670886075949367,0.33128457283343576,0.03580403476150096,0.3448275862068966,0.2987012987012987,0.046126287505597885
1628966,Keita Bates-Diop,3,32,0.3333333333333333,0.2975391498881432,0.03579418344519014,0.625,0.3533834586466165,0.2716165413533835
1631097,Bennedict Mathurin,3,74,0.36470588235294116,0.32914471017430075,0.03556117217864041,0.16129032258064516,0.34236453201970446,-0.1810742094390593
201937,Ricky Rubio,5,123,0.39361702127659576,0.35813806206459786,0.035478959211997896,0.32432432432432434,0.33421750663129973,-0.00989318230697539
203954,Joel Embiid,7,202,0.2219626168224299,0.18652919121585432,0.035433425606575586,0.3473684210526316,0.33955491744436467,0.007813503608266936
1630541,Moses Moody,2,38,0.5789473684210527,0.5435222672064778,0.03542510121457487,0.2727272727272727,0.3687150837988827,-0.09598781107160997
1628983,Shai Gilgeous-Alexander,7,203,0.2549019607843137,0.21963922764227642,0.03526273314203729,0.32967032967032966,0.3551185656448814,-0.02544823597455176
1627936,Alex Caruso,5,122,0.5507246376811594,0.5163787969029184,0.03434584077824099,0.39473684210526316,0.37831603229527105,0.01642080980999211
203089,John Henson,1,34,0.047619047619047616,0.013944223107569721,0.033674824511477894,0.0,0.14285714285714285,-0.14285714285714285
202681,Kyrie Irving,8,209,0.4059040590405904,0.3722977346278317,0.03360632441275868,0.32727272727272727,0.40090403337969405,-0.07363130610696678
1630573,Sam Hauser,1,13,0.875,0.8417721518987342,0.03322784810126578,0.2857142857142857,0.41604010025062654,-0.13032581453634084
202699,Tobias Harris,8,296,0.3404255319148936,0.30799267846247713,0.03243285345241648,0.3482142857142857,0.3807448494453249,-0.032530563731039186
203115,Will Barton,5,140,0.4594594594594595,0.4270777479892761,0.03238171147018337,0.32941176470588235,0.36785938480853736,-0.03844762010265501
203503,Tony Snell,3,62,0.6774193548387096,0.6451942740286298,0.0322250808100798,0.38095238095238093,0.43106180665610144,-0.05010942570372051
201568,Danilo Gallinari,4,110,0.5213675213675214,0.4900829426613776,0.03128457870614382,0.4098360655737705,0.40765268579838115,0.002183379775389349
1628984,Devonte' Graham,4,97,0.7132867132867133,0.6820708825573315,0.031215830729381833,0.39215686274509803,0.36067244014263883,0.031484422602459206
1627823,Juancho Hernangomez,2,27,0.6,0.5693311582381729,0.030668841761827048,0.4444444444444444,0.3467048710601719,0.09773957338427253
203473,Dewayne Dedmon,3,71,0.4,0.3696343402225755,0.030365659777424503,0.2,0.3333333333333333,-0.1333333333333333
202703,Nikola Mirotic,2,45,0.5813953488372093,0.5513866231647635,0.030008725672445835,0.36,0.371301775147929,-0.011301775147929016
1628366,Lonzo Ball,6,138,0.631578947368421,0.6027035938015166,0.028875353566904405,0.3020833333333333,0.36214442013129106,-0.06006108679795774
203109,Jae Crowder,6,149,0.6779661016949152,0.6496853461192688,0.028280755575646466,0.3125,0.3464022140221402,-0.03390221402214022
1629117,Wenyen Gabriel,1,15,0.16666666666666666,0.13846153846153847,0.028205128205128188,1.0,0.2777777777777778,0.7222222222222222
1630556,Kessler Edwards,2,22,0.5,0.472636815920398,0.027363184079601977,0.0,0.3684210526315789,-0.3684210526315789
1628367,Josh Jackson,3,62,0.3090909090909091,0.2818548387096774,0.02723607038123166,0.4117647058823529,0.296137339055794,0.11562736682655894
1627763,Malcolm Brogdon,7,169,0.3831417624521073,0.3563000421407501,0.026841720311357176,0.38,0.38911886457717326,-0.009118864577173258
203901,Elfrid Payton,4,75,0.1958762886597938,0.170014012143858,0.02586227651593581,0.15789473684210525,0.28846153846153844,-0.13056680161943318
1628384,OG Anunoby,7,170,0.47530864197530864,0.4496256684491979,0.025682973526110764,0.2857142857142857,0.3758325404376784,-0.09011825472339269
203079,Dion Waiters,2,30,0.5423728813559322,0.5168918918918919,0.025480989464040316,0.25,0.35076252723311546,-0.10076252723311546
201188,Marc Gasol,3,89,0.3644859813084112,0.33959670027497707,0.02488928103343413,0.1794871794871795,0.3576248313090418,-0.17813765182186234
1630162,Anthony Edwards,5,184,0.449468085106383,0.42458490302776614,0.02488318207861684,0.28402366863905326,0.3644429838974696,-0.08041931525841634
203493,Reggie Bullock Jr.,5,150,0.7213114754098361,0.6964820359281437,0.02482943948169236,0.3522727272727273,0.3911875335840946,-0.03891480631136729
1629130,Duncan Robinson,5,127,0.8317757009345794,0.8070934256055363,0.024682275329043102,0.30337078651685395,0.40335834226509465,-0.0999875557482407
203552,Seth Curry,6,141,0.5494505494505495,0.5253042921204356,0.024146257330113885,0.4,0.43841463414634146,-0.03841463414634144
1628389,Bam Adebayo,8,274,0.075,0.05086868054468618,0.02413131945531382,0.19047619047619047,0.31384615384615383,-0.12336996336996336
1641718,Keyonte George,2,42,0.569620253164557,0.5461361014994233,0.023484151665133735,0.3333333333333333,0.33896515311510034,-0.005631819781767022
202683,Enes Freedom,4,71,0.043478260869565216,0.020390455531453362,0.023087805338111854,0.0,0.2553191489361702,-0.2553191489361702
1629611,Terance Mann,5,117,0.3728813559322034,0.3497975708502024,0.023083785082000985,0.5,0.3726851851851852,0.12731481481481483
201952,Jeff Teague,3,71,0.2876712328767123,0.26486168334314303,0.022809549533569284,0.23809523809523808,0.36,-0.1219047619047619
1641744,Zach Edey,1,20,0.14285714285714285,0.12009237875288684,0.022764764104256013,0.0,0.34615384615384615,-0.34615384615384615
1626171,Bobby Portis,7,129,0.3333333333333333,0.31064237775647174,0.02269095557686157,0.3055555555555556,0.37962962962962965,-0.07407407407407407
1630217,Desmond Bane,5,127,0.4793814432989691,0.4567274405723517,0.022654002726617384,0.3010752688172043,0.41030823648307224,-0.10923296766586793
1627741,Buddy Hield,8,291,0.6276041666666666,0.6056697895121061,0.02193437715456048,0.34439834024896265,0.3975492165528325,-0.05315087630386983
1630163,LaMelo Ball,5,101,0.49673202614379086,0.4748342744905475,0.02189775165324337,0.21052631578947367,0.36452947259565666,-0.15400315680618298
1628410,Edmond Sumner,1,12,0.3333333333333333,0.3120567375886525,0.021276595744680826,1.0,0.3977272727272727,0.6022727272727273
1629750,Javonte Green,2,37,0.4166666666666667,0.3954248366013072,0.021241830065359513,0.4,0.33884297520661155,0.06115702479338847
1626156,D'Angelo Russell,8,201,0.5051020408163265,0.4867631004366812,0.018338940379645285,0.3282828282828283,0.3675357443229605,-0.0392529160401322
1628422,Damyean Dotson,2,30,0.5294117647058824,0.5111336032388664,0.018278161467015996,0.3333333333333333,0.36633663366336633,-0.033003300330033014
201569,Eric Gordon,6,151,0.628099173553719,0.6098430813124108,0.018256092241308197,0.35526315789473684,0.3649122807017544,-0.009649122807017574
1627732,Ben Simmons,5,161,0.02857142857142857,0.010517090271691499,0.01805433829973707,0.3333333333333333,0.1388888888888889,0.19444444444444442
201988,Patty Mills,5,164,0.68,0.6624850657108722,0.01751493428912787,0.30392156862745096,0.3854824165915239,-0.08156084796407292
1627742,Brandon Ingram,7,179,0.2607361963190184,0.24379024839006438,0.016945947928954014,0.27058823529411763,0.370440251572327,-0.09985201627820939
1630625,Dalano Banton,1,10,0.45454545454545453,0.4378698224852071,0.016675632060247414,0.4,0.32432432432432434,0.07567567567567568
203083,Andre Drummond,6,147,0.039735099337748346,0.023322227510709188,0.01641287182703916,0.16666666666666666,0.10204081632653061,0.06462585034013604
1629599,Amir Coffey,3,66,0.53125,0.5158132530120482,0.015436746987951833,0.35294117647058826,0.3897810218978102,-0.03683984542722196
1627827,Dorian Finney-Smith,7,227,0.639751552795031,0.6243502051983584,0.015401347596672665,0.39805825242718446,0.3698510078878177,0.028207244539366738
1628964,Mo Bamba,1,20,0.47058823529411764,0.4554294975688817,0.01515873772523596,0.375,0.3807829181494662,-0.005782918149466187
203546,Ian Clark,2,41,0.4666666666666667,0.4521640091116173,0.01450265755504937,0.14285714285714285,0.3224181360201511,-0.17956099316300828
200782,P.J. Tucker,6,170,0.6666666666666666,0.6522522522522523,0.014414414414414378,0.359375,0.375,-0.015625
1628997,Caleb Martin,4,102,0.41304347826086957,0.3986820428336079,0.014361435427261648,0.21052631578947367,0.36639118457300274,-0.15586486878352906
1630175,Cole Anthony,5,85,0.3870967741935484,0.37337278106508875,0.013723993128459622,0.2916666666666667,0.34469096671949284,-0.05302430005282616
204025,Tim Frazier,1,10,0.4,0.38697318007662834,0.01302681992337168,0.0,0.36633663366336633,-0.36633663366336633
1626181,Norman Powell,7,164,0.4657534246575342,0.4528263521756812,0.012927072481853041,0.39705882352941174,0.40368208352043106,-0.006623259991019315
201959,Taj Gibson,5,107,0.0851063829787234,0.07218683651804671,0.012919546460676695,0.0,0.29411764705882354,-0.29411764705882354
1631110,Jeremy Sochan,3,67,0.2641509433962264,0.25153032832498606,0.012620615071240349,0.2857142857142857,0.28982300884955753,-0.00410872313527183
1629645,Kevin Porter Jr.,4,75,0.4222222222222222,0.4097649186256781,0.012457303596544123,0.3157894736842105,0.35657546337157986,-0.04078598968736935
204020,Tyler Johnson,3,69,0.48484848484848486,0.47276395427034296,0.012084530578141905,0.375,0.35135135135135137,0.02364864864864863
1629012,Collin Sexton,6,140,0.2766990291262136,0.265684575389948,0.011014453736265584,0.543859649122807,0.3913894324853229,0.15247021663748417
203939,Dwight Powell,5,123,0.17142857142857143,0.16088154269972452,0.010547028728846913,0.3333333333333333,0.3082191780821918,0.025114155251141523
1626149,Montrezl Harrell,4,104,0.031578947368421054,0.021693491952414275,0.009885455416006779,0.0,0.11290322580645161,-0.11290322580645161
1627775,Patrick McCaw,2,21,0.4,0.39018087855297157,0.009819121447028456,1.0,0.2781456953642384,0.7218543046357616
203897,Zach LaVine,7,199,0.40329218106995884,0.39397116644823066,0.009321014621728185,0.3010204081632653,0.3962075848303393,-0.09518717666707399
1630205,Lamar Stevens,2,26,0.2727272727272727,0.26359143327841844,0.009135839448854266,0.6666666666666666,0.3,0.36666666666666664
1641871,Duop Reath,1,10,0.5,0.4909819639278557,0.009018036072144298,0.0,0.35918367346938773,-0.35918367346938773
203497,Rudy Gobert,8,253,0.011627906976744186,0.003131991051454139,0.008495915925290047,0.0,0.0,0.0
1630180,Saddiq Bey,4,125,0.5575221238938053,0.549404761904762,0.008117361989043337,0.38095238095238093,0.352112676056338,0.028839704896042928
1629022,Lonnie Walker IV,4,74,0.4444444444444444,0.436420026583961,0.008024417860483413,0.375,0.34822335025380713,0.02677664974619287
1627747,Caris LeVert,8,210,0.36666666666666664,0.35871258003114725,0.007954086635519386,0.34545454545454546,0.3473227206946454,-0.0018681752400999674
201936,Tyreke Evans,2,40,0.3492063492063492,0.3417290673927842,0.0074772818135649954,0.2727272727272727,0.3804780876494024,-0.10775081492212968
1629627,Zion Williamson,4,83,0.034482758620689655,0.02702702702702703,0.007455731593662626,0.2,0.30952380952380953,-0.10952380952380952
1627777,Georges Niang,4,93,0.6875,0.6801899007337073,0.007310099266292669,0.30303030303030304,0.3965736040609137,-0.09354330103061065
1629029,Luka Dončić,7,220,0.4294478527607362,0.4224868576333011,0.006960995127435088,0.2571428571428571,0.3499238191975622,-0.0927809620547051
2738,Andre Iguodala,5,95,0.5294117647058824,0.5227062094531975,0.006705555252684903,0.16666666666666666,0.3049645390070922,-0.13829787234042554
201596,Mario Chalmers,1,18,0.4375,0.43115124153498874,0.006348758465011262,0.42857142857142855,0.2774869109947644,0.15108451757666413
1641709,Ausar Thompson,2,45,0.17857142857142858,0.1723404255319149,0.006231003039513683,0.2,0.19753086419753085,0.002469135802469158
202355,Hassan Whiteside,4,82,0.01694915254237288,0.010917030567685589,0.006032121974687292,0.0,0.32,-0.32
1628976,Wendell Carter Jr.,7,166,0.26595744680851063,0.26004728132387706,0.005910165484633578,0.2,0.3159090909090909,-0.1159090909090909
201586,Serge Ibaka,4,93,0.28735632183908044,0.28301186943620177,0.0043444524028786735,0.2,0.3473132372214941,-0.1473132372214941
1629628,RJ Barrett,6,169,0.3125,0.3083568699119455,0.004143130088054503,0.325,0.3464439655172414,-0.02144396551724137
203918,Rodney Hood,3,55,0.4090909090909091,0.4054696789536266,0.003621230137282494,0.16666666666666666,0.3592375366568915,-0.19257086999022485
203613,Jonathon Simmons,2,51,0.28,0.27722772277227725,0.0027722772277227747,0.42857142857142855,0.31493506493506496,0.11363636363636359
1629659,Talen Horton-Tucker,3,51,0.3170731707317073,0.3146341463414634,0.0024390243902439046,0.23076923076923078,0.27906976744186046,-0.04830053667262968
1631106,Tari Eason,2,41,0.29411764705882354,0.29204265791632483,0.0020749891424987066,0.4,0.34269662921348315,0.05730337078651687
1629216,Gabe Vincent,3,68,0.65625,0.6546666666666666,0.001583333333333381,0.47619047619047616,0.3513238289205703,0.12486664726990587
1629027,Trae Young,7,241,0.4075907590759076,0.40604364857302744,0.0015471105028801446,0.31983805668016196,0.3519845644983462,-0.03214650781818423
203496,Robert Covington,5,150,0.6666666666666666,0.6659836065573771,0.000683060109289535,0.39361702127659576,0.36512820512820515,0.028488816148390605
201563,Michael Beasley,1,20,0.10714285714285714,0.10656753407682776,0.000575323066029379,0.0,0.3953488372093023,-0.3953488372093023
201585,Kosta Koufos,1,18,0.0,0.0,0.0,,,
1629011,Mitchell Robinson,5,95,0.0,0.0,0.0,,,
1627790,Ante Zizic,1,11,0.0,0.0,0.0,,,
101162,Marcin Gortat,1,34,0.0,0.0,0.0,,,
202328,Greg Monroe,1,13,0.0,0.0,0.0,,,
202732,DeAndre Liggins,1,10,0.5,0.5,0.0,0.0,0.3584905660377358,-0.3584905660377358
1631114,Jalen Williams,3,88,0.26595744680851063,0.265989847715736,-3.2400907225393905e-05,0.48,0.3816793893129771,0.09832061068702286
203952,Andrew Wiggins,8,251,0.33881578947368424,0.33895228215767637,-0.00013649268399212877,0.2815533980582524,0.36266258607498086,-0.08110918801672845
1629655,Daniel Gafford,5,84,0.0,0.0005224660397074191,-0.0005224660397074191,,0.0,
201599,DeAndre Jordan,4,97,0.0,0.000641025641025641,-0.000641025641025641,,0.0,
203490,Otto Porter Jr.,4,92,0.40860215053763443,0.4094887148779364,-0.0008865643403019874,0.3157894736842105,0.40607424071991,-0.09028476703569949
203991,Clint Capela,8,209,0.0,0.0010778184953653806,-0.0010778184953653806,,0.0,
202687,Bismack Biyombo,4,56,0.0,0.0019665683382497543,-0.0019665683382497543,,0.0,
1642274,Yves Missi,1,27,0.0,0.0020325203252032522,-0.0020325203252032522,,0.0,
1627826,Ivica Zubac,5,126,0.0,0.002094972067039106,-0.002094972067039106,,0.16666666666666666,
1627751,Jakob Poeltl,7,141,0.0,0.002109704641350211,-0.002109704641350211,,0.42857142857142855,
201565,Derrick Rose,4,80,0.21212121212121213,0.21497281472187368,-0.002851602600661557,0.34285714285714286,0.36186770428015563,-0.019010561423012773
202334,Ed Davis,1,17,0.0,0.003424657534246575,-0.003424657534246575,,0.0,
2199,Tyson Chandler,2,34,0.0,0.0034965034965034965,-0.0034965034965034965,,0.0,
202066,Garrett Temple,5,130,0.5616438356164384,0.5654121863799283,-0.003768350763489914,0.2926829268292683,0.34231378763866877,-0.04963086080940049
1631105,Jalen Duren,3,82,0.0,0.003978779840848806,-0.003978779840848806,,0.0,
1641726,Dereck Lively II,2,30,0.0,0.004106776180698152,-0.004106776180698152,,0.0,
1630208,Nick Richards,2,34,0.0,0.004149377593360996,-0.004149377593360996,,0.0,
203500,Steven Adams,7,196,0.0,0.004485741749439282,-0.004485741749439282,,0.07142857142857142,
201149,Joakim Noah,1,12,0.0,0.004694835680751174,-0.004694835680751174,,0.0,
1631223,David Roddy,1,12,0.5,0.5047619047619047,-0.004761904761904745,0.5,0.30660377358490565,0.19339622641509435
1629026,Kenrich Williams,6,107,0.425531914893617,0.4303370786516854,-0.004805163758068387,0.45,0.360313315926893,0.08968668407310704
1629057,Robert Williams III,3,49,0.0,0.005025125628140704,-0.005025125628140704,,0.0,
1630193,Immanuel Quickley,4,116,0.5,0.5060625398851308,-0.006062539885130835,0.15254237288135594,0.3745271122320303,-0.22198473935067434
1631218,Trayce Jackson-Davis,2,24,0.0,0.006309148264984227,-0.006309148264984227,,0.0,
202326,DeMarcus Cousins,1,28,0.3333333333333333,0.3402777777777778,-0.006944444444444475,0.30434782608695654,0.35374149659863946,-0.04939367051168292
202324,Derrick Favors,4,62,0.07142857142857142,0.0788229111928534,-0.007394339764281971,0.0,0.21333333333333335,-0.21333333333333335
201942,DeMar DeRozan,8,303,0.11070110701107011,0.11828167908983915,-0.007580572078769041,0.2777777777777778,0.3142620232172471,-0.03648424543946932
101139,CJ Miles,2,40,0.7142857142857143,0.721978021978022,-0.007692307692307665,0.4,0.3515981735159817,0.04840182648401831
1628385,Harry Giles III,1,10,0.0,0.00796812749003984,-0.00796812749003984,,0.0,
1641764,Brandin Podziemski,2,58,0.43478260869565216,0.4429037520391517,-0.00812114334349956,0.2,0.3775322283609576,-0.1775322283609576
1641706,Brandon Miller,2,42,0.4909090909090909,0.4993646759847522,-0.008455585075661298,0.4444444444444444,0.366412213740458,0.0780322307039864
203999,Nikola Jokić,8,291,0.20221169036334913,0.21067299752270852,-0.008461307159359388,0.328125,0.3630573248407643,-0.034932324840764306
1631109,Mark Williams,1,15,0.0,0.008948545861297539,-0.008948545861297539,,0.0,
201609,Goran Dragic,5,111,0.3684210526315789,0.37746766507828455,-0.009046612446705626,0.20408163265306123,0.35978358881875566,-0.15570195616569443
1629675,Naz Reid,5,98,0.40963855421686746,0.4187206572769953,-0.009082103060127855,0.23529411764705882,0.37631394533987383,-0.14101982769281501
1629614,Andrew Nembhard,3,92,0.34782608695652173,0.3571847507331378,-0.009358663776616094,0.25,0.33497536945812806,-0.08497536945812806
203518,Alex Abrines,1,24,0.75,0.7594501718213058,-0.009450171821305808,0.4444444444444444,0.38009049773755654,0.06435394670688788
1628975,Jevon Carter,2,33,0.5882352941176471,0.5977722772277227,-0.00953698311007567,0.3,0.422360248447205,-0.122360248447205
201571,D.J. Augustin,3,92,0.4576271186440678,0.46722288438617404,-0.009595765742106244,0.37037037037037035,0.4017857142857143,-0.03141534391534395
2730,Dwight Howard,2,54,0.0,0.010101010101010102,-0.010101010101010102,,0.3333333333333333,
1713,Vince Carter,3,55,0.6363636363636364,0.64739336492891,-0.011029728565273622,0.23809523809523808,0.3528550512445095,-0.11475981314927142
1631093,Jaden Ivey,3,66,0.35714285714285715,0.36850991979738285,-0.011367062654525695,0.36666666666666664,0.3516609392898053,0.015005727376861344
203486,Mason Plumlee,7,167,0.0,0.011670020120724347,-0.011670020120724347,,0.06896551724137931,
203457,Nerlens Noel,3,47,0.0,0.011725293132328308,-0.011725293132328308,,0.14285714285714285,
1628386,Jarrett Allen,8,240,0.0136986301369863,0.02553940995156319,-0.011840779814576888,1.0,0.16379310344827586,0.8362068965517242
201954,Darren Collison,2,65,0.29577464788732394,0.30763299922898996,-0.011858351341666018,0.5238095238095238,0.43859649122807015,0.08521303258145368
203926,Doug McDermott,5,84,0.4864864864864865,0.4985228951255539,-0.012036408639067409,0.5,0.4162962962962963,0.08370370370370372
1628380,Zach Collins,2,39,0.2692307692307692,0.281786941580756,-0.012556172349986794,0.14285714285714285,0.3445121951219512,-0.20165505226480834
2733,Shaun Livingston,2,32,0.0,0.012658227848101266,-0.012658227848101266,,0.0,
1626161,Willie Cauley-Stein,4,106,0.0,0.013013013013013013,-0.013013013013013013,,0.19230769230769232,
1630231,KJ Martin,4,69,0.27586206896551724,0.28923076923076924,-0.013368700265251998,0.25,0.32127659574468087,-0.07127659574468087
1626143,Jahlil Okafor,1,10,0.0,0.013812154696132596,-0.013812154696132596,,0.2,
1629651,Nic Claxton,4,107,0.0,0.013993003498250875,-0.013993003498250875,,0.21428571428571427,
1630583,Santi Aldama,3,61,0.5,0.514646754738656,-0.014646754738655954,0.16666666666666666,0.35714285714285715,-0.1904761904761905
1627767,Cheick Diallo,1,12,0.0,0.014760147601476014,-0.014760147601476014,,0.25,
1627734,Domantas Sabonis,8,249,0.09282700421940929,0.1081798084008843,-0.015352804181475013,0.36363636363636365,0.3528610354223433,0.01077532821402033
1629673,Jordan Poole,4,119,0.5086705202312138,0.5247870714129723,-0.016116551181758476,0.25,0.35122763212650854,-0.10122763212650854
1628963,Marvin Bagley III,4,53,0.1282051282051282,0.14521112255406798,-0.01700599434893979,0.2,0.2872340425531915,-0.0872340425531915
202339,Eric Bledsoe,5,128,0.36363636363636365,0.38073038073038074,-0.01709401709401709,0.35294117647058826,0.336734693877551,0.016206482593037252
1629014,Anfernee Simons,6,115,0.5121951219512195,0.5294241721155875,-0.01722905016436793,0.37142857142857144,0.3812749003984064,-0.00984632896983495
1627750,Jamal Murray,7,209,0.35904255319148937,0.3762908473617202,-0.017248294170230827,0.4,0.387593984962406,0.012406015037594031
201580,JaVale McGee,1,23,0.0,0.0187207488299532,-0.0187207488299532,,0.08333333333333333,
201567,Kevin Love,5,95,0.56,0.579,-0.018999999999999906,0.375,0.37593552101324124,-0.0009355210132412362
1629028,Deandre Ayton,7,175,0.005714285714285714,0.02476654486398701,-0.019052259149701295,0.0,0.22950819672131148,-0.22950819672131148
203459,Allen Crabbe,2,66,0.64,0.6591666666666667,-0.019166666666666665,0.40625,0.3780025284450063,0.028247471554993686
203081,Damian Lillard,8,249,0.47157190635451507,0.4907810234099855,-0.019209117055470404,0.30141843971631205,0.37188687209793164,-0.0704684323816196
1626172,Kevon Looney,7,151,0.0,0.02004008016032064,-0.02004008016032064,,0.2,
2561,David West,1,10,0.0,0.021164021164021163,-0.021164021164021163,,0.375,
1631217,Moussa Diabaté,1,21,0.0,0.02142857142857143,-0.02142857142857143,,0.0,
204001,Kristaps Porziņģis,7,157,0.3416666666666667,0.3633125556544969,-0.02164588898783021,0.2804878048780488,0.37107843137254903,-0.09059062649450023
1627752,Taurean Prince,6,172,0.5317460317460317,0.5534057778955738,-0.021659746149542025,0.26865671641791045,0.3864942528735632,-0.11783753645565276
201939,Stephen Curry,7,206,0.576271186440678,0.5980994321474099,-0.02182824570673192,0.3758169934640523,0.4125169540786669,-0.03669996061461461
202695,Kawhi Leonard,6,150,0.26253687315634217,0.2844146927566083,-0.021877819600266135,0.23595505617977527,0.39710319855159926,-0.16114814237182398
1626144,Emmanuel Mudiay,1,24,0.2619047619047619,0.28378378378378377,-0.021879021879021854,0.36363636363636365,0.32857142857142857,0.03506493506493508
1626257,Salah Mejri,1,21,0.0,0.021897810218978103,-0.021897810218978103,,0.0,
203924,Jerami Grant,8,227,0.3466135458167331,0.36881482741030436,-0.022201281593571265,0.3218390804597701,0.3752881512217612,-0.05344907076199107
1641708,Amen Thompson,2,56,0.10810810810810811,0.13035870516185477,-0.022250597053746657,0.5,0.2214765100671141,0.2785234899328859
202357,Nemanja Bjelica,3,66,0.4473684210526316,0.47000618429189855,-0.022637763239266973,0.5294117647058824,0.4118421052631579,0.11756965944272446
1628991,Jaren Jackson Jr.,6,164,0.32673267326732675,0.34947972730534627,-0.02274705403801952,0.3181818181818182,0.3526694045174538,-0.034487586335635645
1628973,Jalen Brunson,7,187,0.27851458885941643,0.3013120193032725,-0.02279743044385607,0.2761904761904762,0.3893893893893894,-0.11319891319891318
1627780,Gary Payton II,3,63,0.30434782608695654,0.32727272727272727,-0.02292490118577073,0.14285714285714285,0.34814814814814815,-0.2052910052910053
201572,Brook Lopez,7,194,0.46296296296296297,0.48589695374200825,-0.022933990779045288,0.3333333333333333,0.3556501547987616,-0.022316821465428294
1642273,Kyshawn George,1,17,0.625,0.6483516483516484,-0.02335164835164838,0.8,0.3220338983050847,0.4779661016949153
201152,Thaddeus Young,6,149,0.17307692307692307,0.1966259453170448,-0.02354902224012173,0.3333333333333333,0.32988165680473375,0.0034516765285995676
1641731,Bilal Coulibaly,2,43,0.36363636363636365,0.3873106060606061,-0.02367424242424243,0.25,0.3105134474327628,-0.060513447432762824
1630245,Ayo Dosunmu,4,90,0.35384615384615387,0.37791465024197096,-0.024068496395817096,0.2608695652173913,0.3608847497089639,-0.1000151844915726
203078,Bradley Beal,8,230,0.30418943533697634,0.3283649503161698,-0.024175514979193458,0.2694610778443114,0.3624484181568088,-0.09298734031249739
1629634,Brandon Clarke,5,88,0.06153846153846154,0.08651162790697674,-0.024973166368515196,0.25,0.26881720430107525,-0.018817204301075252
203507,Giannis Antetokounmpo,8,243,0.11682242990654206,0.14287115120611885,-0.02604872129957679,0.28,0.2862045298558682,-0.006204529855868168
1628392,Isaiah Hartenstein,4,74,0.03125,0.05786736020806242,-0.02661736020806242,0.0,0.25842696629213485,-0.25842696629213485
1628402,Frank Jackson,4,49,0.45,0.4774774774774775,-0.027477477477477474,0.3333333333333333,0.3328840970350404,0.0004492362982929099
202692,Alec Burks,6,143,0.45077720207253885,0.478273299028016,-0.027496096955477167,0.3793103448275862,0.39390316796174535,-0.01459282313415916
1626159,Justise Winslow,4,82,0.2647058823529412,0.29314420803782504,-0.02843832568488386,0.1111111111111111,0.35080645161290325,-0.23969534050179214
203110,Draymond Green,8,206,0.34057971014492755,0.36906539265452376,-0.02848568250959621,0.2978723404255319,0.308252427184466,-0.010380086758934093
1630700,Dyson Daniels,2,58,0.2708333333333333,0.29983792544570503,-0.02900459211237172,0.46153846153846156,0.32972972972972975,0.13180873180873182
1630570,Trendon Watford,1,14,0.2222222222222222,0.25142857142857145,-0.029206349206349236,0.5,0.32954545454545453,0.17045454545454547
1628418,Thomas Bryant,3,49,0.16363636363636364,0.19317300232738557,-0.029536638691021938,0.2222222222222222,0.3855421686746988,-0.1633199464524766
1629052,Oshae Brissett,1,26,0.4375,0.4683794466403162,-0.03087944664031622,0.14285714285714285,0.350210970464135,-0.20735382760699217
1629006,Josh Okogie,5,92,0.4,0.4314606741573034,-0.03146067415730336,0.5,0.29296875,0.20703125
1630188,Jalen Smith,2,30,0.3333333333333333,0.36480186480186483,-0.03146853146853151,0.2,0.3003194888178914,-0.10031948881789138
201156,Nick Young,1,17,0.6363636363636364,0.6680327868852459,-0.03166915052160957,0.2857142857142857,0.3773006134969325,-0.0915863277826468
202954,Brad Wanamaker,2,24,0.25,0.28290468986384265,-0.03290468986384265,0.5,0.28342245989304815,0.21657754010695185
201933,Blake Griffin,4,99,0.35714285714285715,0.39006860503103563,-0.03292574788817848,0.4,0.3417085427135678,0.0582914572864322
203504,Trey Burke,3,35,0.3,0.3330739299610895,-0.03307392996108949,0.16666666666666666,0.35514018691588783,-0.18847352024922118
1631099,Keegan Murray,3,97,0.5333333333333333,0.5669383003492433,-0.03360496701590998,0.40625,0.37166324435318276,0.034586755646817235
1630173,Precious Achiuwa,4,60,0.18604651162790697,0.2201885745978924,-0.034142062969985426,0.0,0.3047858942065491,-0.3047858942065491
1641713,GG Jackson,1,16,0.47368421052631576,0.5079928952042628,-0.034308684677947066,0.3333333333333333,0.35664335664335667,-0.023310023310023353
1629048,Goga Bitadze,3,42,0.11764705882352941,0.1525,-0.03485294117647059,0.0,0.22950819672131148,-0.22950819672131148
1631213,Tyrese Martin,1,16,0.5714285714285714,0.6064516129032258,-0.035023041474654404,0.375,0.35106382978723405,0.02393617021276595
1629632,Coby White,6,171,0.4717948717948718,0.5068415051311288,-0.035046633336257016,0.32608695652173914,0.36932883389576304,-0.04324187737402391
201961,Wayne Ellington,5,95,0.7916666666666666,0.8289611752360966,-0.03729450856942995,0.43859649122807015,0.3879746835443038,0.05062180768376634
2200,Pau Gasol,1,15,0.15384615384615385,0.19138755980861244,-0.037541405962458585,0.0,0.35833333333333334,-0.35833333333333334
1631133,Jabari Walker,1,19,0.23529411764705882,0.2730844793713163,-0.03779036172425748,0.0,0.2949640287769784,-0.2949640287769784
201950,Jrue Holiday,8,258,0.3245382585751979,0.3624682104135992,-0.03792995183840131,0.34959349593495936,0.37186115214180204,-0.02226765620684268
1626246,Boban Marjanovic,1,15,0.0,0.038461538461538464,-0.038461538461538464,,0.4,
1628381,John Collins,8,193,0.21341463414634146,0.2520446096654275,-0.03862997551908606,0.4,0.36283185840707965,0.03716814159292037
1630249,Vít Krejčí,1,13,0.6666666666666666,0.7054794520547946,-0.038812785388127935,0.5,0.4368932038834951,0.06310679611650488
203471,Dennis Schröder,8,270,0.2956989247311828,0.3346473321131916,-0.038948407382008776,0.2545454545454545,0.34539335296592344,-0.09084789842046892
1642261,Dalton Knecht,1,12,0.5714285714285714,0.6104129263913824,-0.03898435496281105,0.5,0.3764705882352941,0.12352941176470589
201577,Robin Lopez,3,46,0.0,0.03925233644859813,-0.03925233644859813,,0.25396825396825395,
1630215,Jared Butler,1,10,0.3333333333333333,0.3730684326710817,-0.03973509933774838,0.0,0.35502958579881655,-0.35502958579881655
203937,Kyle Anderson,8,207,0.18556701030927836,0.2259770790478989,-0.04041006873862055,0.2777777777777778,0.33940182054616386,-0.06162404276838607
1631101,Shaedon Sharpe,2,39,0.38333333333333336,0.42392717815344605,-0.04059384482011269,0.30434782608695654,0.3174846625766871,-0.013136836489730574
1630540,Miles McBride,2,31,0.5357142857142857,0.5774225774225774,-0.04170829170829171,0.3333333333333333,0.3875432525951557,-0.05420991926182239
203087,Jeremy Lamb,4,92,0.30357142857142855,0.34584755403868034,-0.04227612546725179,0.23529411764705882,0.3475877192982456,-0.11229360165118679
201144,Mike Conley,7,223,0.47330960854092524,0.5159090909090909,-0.04259948236816563,0.3533834586466165,0.4000800961153384,-0.04669663746872188
203482,Kelly Olynyk,7,170,0.4274193548387097,0.47070151306740027,-0.04328215822869058,0.39622641509433965,0.3699590882524839,0.02626732684185573
1628404,Josh Hart,8,219,0.40397350993377484,0.4479191159181754,-0.04394560598440056,0.29508196721311475,0.342257217847769,-0.047175250634654275
203124,Kyle O'Quinn,1,11,0.0,0.044270833333333336,-0.044270833333333336,,0.23529411764705882,
1630256,Jae'Sean Tate,5,88,0.24444444444444444,0.28877551020408165,-0.04433106575963722,0.2727272727272727,0.30918727915194344,-0.03646000642467073
1628464,Daniel Theis,3,69,0.22727272727272727,0.272,-0.044727272727272754,0.3,0.3235294117647059,-0.02352941176470591
201935,James Harden,8,257,0.4730290456431535,0.517840326462279,-0.04481128081912544,0.2894736842105263,0.36229541321479086,-0.07282172900426453
203915,Spencer Dinwiddie,7,236,0.42401960784313725,0.4689333793579565,-0.044913771514819234,0.2774566473988439,0.33640044166359956,-0.058943794264755656
1626178,Rondae Hollis-Jefferson,2,58,0.04,0.08505367464905036,-0.045053674649050364,0.0,0.21359223300970873,-0.21359223300970873
1628378,Donovan Mitchell,8,249,0.3746130030959752,0.4203767123287671,-0.04576370923279188,0.30165289256198347,0.3661461869201177,-0.06449329435813422
202322,John Wall,3,45,0.25471698113207547,0.30077120822622105,-0.04605422709414558,0.25925925925925924,0.3282051282051282,-0.06894586894586896
2216,Zach Randolph,1,21,0.14634146341463414,0.1926605504587156,-0.04631908704408147,0.3333333333333333,0.3469387755102041,-0.013605442176870763
1627789,Timothe Luwawu-Cabarrot,1,16,0.625,0.6713483146067416,-0.0463483146067416,0.2,0.3138075313807531,-0.11380753138075311
203584,Troy Daniels,1,25,0.75,0.7965217391304348,-0.04652173913043478,0.2222222222222222,0.39956331877729256,-0.17734109655507035
1630224,Jalen Green,4,134,0.4010989010989011,0.4482487209759937,-0.0471498198770926,0.3424657534246575,0.3419666374012291,0.000499116023428392
1629640,Keldon Johnson,5,137,0.3176470588235294,0.3649405962788612,-0.047293537455331824,0.2037037037037037,0.34828009828009826,-0.14457639457639457
1631117,Walker Kessler,3,58,0.0,0.047337278106508875,-0.047337278106508875,,0.19642857142857142,
203084,Harrison Barnes,8,292,0.3631123919308357,0.4107302533532042,-0.04761786142236846,0.2777777777777778,0.38969521044992744,-0.11191743267214965
1626196,Josh Richardson,7,202,0.3945945945945946,0.44273318872017353,-0.048138594125578915,0.3561643835616438,0.36207741303282703,-0.005913029471183218
1627749,Dejounte Murray,7,217,0.20984455958549222,0.26020483894908714,-0.05036027936359491,0.32098765432098764,0.3394181403308614,-0.018430486009873737
1630631,Jose Alvarado,2,29,0.5,0.5504950495049505,-0.05049504950495054,0.18181818181818182,0.3489208633093525,-0.1671026814911707
200746,LaMarcus Aldridge,5,129,0.0481283422459893,0.09897934963209115,-0.05085100738610185,0.1111111111111111,0.34292565947242204,-0.23181454836131093
1630578,Alperen Sengun,3,96,0.03546099290780142,0.08823529411764706,-0.052774301209845643,0.0,0.28294573643410853,-0.28294573643410853
2749,Jameer Nelson,1,15,0.45454545454545453,0.5081967213114754,-0.05365126676602089,0.4,0.33064516129032256,0.06935483870967746
203077,Michael Kidd-Gilchrist,2,51,0.0,0.05493273542600897,-0.05493273542600897,,0.32653061224489793,
1626166,Cameron Payne,1,15,0.5,0.5550935550935551,-0.05509355509355507,0.3333333333333333,0.3895131086142322,-0.0561797752808989
203460,Andre Roberson,1,19,0.16666666666666666,0.2222222222222222,-0.05555555555555555,1.0,0.2222222222222222,0.7777777777777778
1629636,Darius Garland,6,171,0.3415492957746479,0.39755929872808526,-0.05601000295343739,0.29896907216494845,0.38780804150453957,-0.08883896933959112
1627783,Pascal Siakam,8,274,0.1834319526627219,0.23959438745430964,-0.05616243479158775,0.3709677419354839,0.34005905511811024,0.030908686817373632
1629630,Ja Morant,5,132,0.18691588785046728,0.24371859296482412,-0.05680270511435684,0.21666666666666667,0.31800158604282314,-0.10133491937615646
1626145,Tyus Jones,7,138,0.35384615384615387,0.41085474567383323,-0.05700859182767937,0.391304347826087,0.3860880663688577,0.005216281457229299
1630174,Aaron Nesmith,3,79,0.46774193548387094,0.5255610972568578,-0.057819161772986905,0.1724137931034483,0.40213523131672596,-0.22972143821327767
1642259,Alex Sarr,1,19,0.35294117647058826,0.41183574879227053,-0.05889457232168227,0.3333333333333333,0.30791788856304986,0.025415444770283457
1628370,Malik Monk,6,147,0.4320388349514563,0.491386925795053,-0.05934809084359671,0.3595505617977528,0.34606741573033706,0.013483146067415741
1629023,P.J. Washington,6,165,0.3862433862433862,0.4461394038957991,-0.05989601765241287,0.3698630136986301,0.35770647027880065,0.012156543419829469
1630178,Tyrese Maxey,4,122,0.33047210300429186,0.3904481665912177,-0.059976063586925865,0.3116883116883117,0.3855072463768116,-0.07381893468849993
101133,Ian Mahinmi,2,23,0.0,0.0611353711790393,-0.0611353711790393,,0.17857142857142858,
1630200,Tre Jones,4,79,0.17105263157894737,0.23333333333333334,-0.062280701754385964,0.46153846153846156,0.3080357142857143,0.15350274725274726
203710,C.J. Williams,1,11,0.3333333333333333,0.39593908629441626,-0.06260575296108295,1.0,0.28205128205128205,0.717948717948718
203994,Jusuf Nurkić,7,155,0.04093567251461988,0.10395803528850739,-0.06302236277388751,0.2857142857142857,0.29128440366972475,-0.005570117955439047
1630553,Keon Johnson,1,26,0.45161290322580644,0.5147625160462131,-0.06314961282040671,0.2857142857142857,0.314214463840399,-0.02850017812611333
203469,Cody Zeller,3,57,0.045454545454545456,0.10888501742160278,-0.06343047196705733,0.0,0.224,-0.224
1628368,De'Aaron Fox,8,267,0.2118380062305296,0.275365554191316,-0.06352754796078638,0.25,0.3303607620591812,-0.08036076205918119
201588,George Hill,5,86,0.3829787234042553,0.44724501758499413,-0.06426629418073881,0.4444444444444444,0.37876802096985585,0.06567642347458857
1630558,Davion Mitchell,3,92,0.359375,0.42374854481955765,-0.06437354481955765,0.30434782608695654,0.34065934065934067,-0.03631151457238413
202498,Lance Thomas,1,24,0.4,0.46441947565543074,-0.06441947565543071,0.5,0.4032258064516129,0.09677419354838712
1627739,Kris Dunn,5,106,0.23423423423423423,0.29902826855123676,-0.06479403431700254,0.23076923076923078,0.32791728212703103,-0.09714805135780025
202685,Jonas Valančiūnas,7,149,0.061946902654867256,0.12683397683397685,-0.06488707417910959,0.42857142857142855,0.3485540334855403,0.08001739508588823
1627737,Marquese Chriss,2,32,0.2,0.265661252900232,-0.065661252900232,0.6666666666666666,0.2794759825327511,0.38719068413391555
201163,Wilson Chandler,2,47,0.38095238095238093,0.4469026548672566,-0.06595027391487568,0.125,0.36386138613861385,-0.23886138613861385
203944,Julius Randle,8,269,0.21256038647342995,0.2785820129944147,-0.06602162652098476,0.3522727272727273,0.3367430441898527,0.015529683082874612
101108,Chris Paul,8,236,0.3390804597701149,0.40728476821192056,-0.06820430844180564,0.3559322033898305,0.36927685066324345,-0.013344647273412946
1631103,Malaki Branham,1,14,0.35714285714285715,0.4267515923566879,-0.06960873521383076,0.6,0.34701492537313433,0.25298507462686565
203524,Solomon Hill,3,43,0.5714285714285714,0.6419098143236074,-0.07048124289503599,0.125,0.3367768595041322,-0.21177685950413222
1629312,Haywood Highsmith,3,47,0.5,0.5705128205128205,-0.07051282051282048,0.4166666666666667,0.3782771535580524,0.03838951310861427
1630595,Cade Cunningham,3,99,0.2346368715083799,0.30533515731874145,-0.07069828581036156,0.2619047619047619,0.34229390681003585,-0.08038914490527393
1626153,Delon Wright,6,119,0.2727272727272727,0.34489713594191207,-0.07216986321463936,0.2777777777777778,0.3532163742690059,-0.07543859649122808
203468,CJ McCollum,8,234,0.33413461538461536,0.4063448853523191,-0.07221026996770374,0.4028776978417266,0.39216696727647515,0.010710730565251458
202330,Gordon Hayward,6,130,0.24161073825503357,0.31385642737896496,-0.0722456891239314,0.4444444444444444,0.374113475177305,0.07033096926713944
1642276,Kel'el Ware,1,16,0.16666666666666666,0.23922413793103448,-0.07255747126436782,0.0,0.3153153153153153,-0.3153153153153153
201960,DeMarre Carroll,2,67,0.4426229508196721,0.5154411764705882,-0.07281822565091606,0.5185185185185185,0.35805991440798857,0.16045860411052992
1629019,Allonzo Trier,1,12,0.18181818181818182,0.2548262548262548,-0.073008073008073,0.5,0.3939393939393939,0.10606060606060608
101127,Jarrett Jack,1,19,0.12,0.19413092550790068,-0.07413092550790068,0.0,0.29069767441860467,-0.29069767441860467
1628449,Chris Boucher,3,57,0.3611111111111111,0.4359654943596549,-0.07485438324854382,0.38461538461538464,0.3470319634703196,0.03758342114506502
1628988,Aaron Holiday,4,65,0.4,0.47565320665083133,-0.0756532066508313,0.375,0.38701622971285893,-0.012016229712858928
200794,Paul Millsap,3,72,0.18055555555555555,0.2574772431729519,-0.07692168761739634,0.38461538461538464,0.3813131313131313,0.0033022533022533107
1631108,Max Christie,1,31,0.45454545454545453,0.5322033898305085,-0.07765793528505399,0.4,0.3662420382165605,0.03375796178343954
1642347,Jamal Shead,1,16,0.36363636363636365,0.44246031746031744,-0.0788239538239538,0.5,0.32286995515695066,0.17713004484304934
1642264,Stephon Castle,1,26,0.25806451612903225,0.33704453441295545,-0.0789800182839232,0.125,0.2852852852852853,-0.1602852852852853
203894,Shabazz Napier,2,41,0.38235294117647056,0.46403242147923,-0.08167948030275946,0.15384615384615385,0.34497816593886466,-0.1911320120927108
1630590,Scotty Pippen Jr.,1,22,0.2857142857142857,0.3686868686868687,-0.08297258297258298,0.0,0.3972602739726027,-0.3972602739726027
203092,Tyler Zeller,1,14,0.0,0.08383233532934131,-0.08383233532934131,,0.35714285714285715,
1627884,Derrick Jones Jr.,6,117,0.3050847457627119,0.3891843971631206,-0.0840996514004087,0.2777777777777778,0.32801822323462415,-0.05024044545684636
2037,Jamal Crawford,2,42,0.35294117647058826,0.43728813559322033,-0.08434695912263207,0.4166666666666667,0.3313953488372093,0.0852713178294574
200768,Kyle Lowry,7,204,0.5251798561151079,0.6099321811419821,-0.08475232502687424,0.3424657534246575,0.37266857962697275,-0.030202826202315236
1628408,PJ Dozier,1,16,0.3333333333333333,0.4197183098591549,-0.08638497652582161,0.0,0.31543624161073824,-0.31543624161073824
203935,Marcus Smart,7,192,0.4627659574468085,0.5492079979226175,-0.08644204047580906,0.25287356321839083,0.3375886524822695,-0.08471508926387866
1630567,Scottie Barnes,4,133,0.1638418079096045,0.25120161902352645,-0.08735981111392194,0.3103448275862069,0.3001007049345418,0.010244122651665133
1631165,Keon Ellis,2,38,0.6111111111111112,0.7025862068965517,-0.09147509578544055,0.2727272727272727,0.4274028629856851,-0.15467559025841238
1628369,Jayson Tatum,8,278,0.3082706766917293,0.40090133282193885,-0.09263065613020954,0.2682926829268293,0.3697679980865822,-0.10147531515975289
1628365,Markelle Fultz,2,59,0.058823529411764705,0.15299793246037216,-0.09417440304860746,0.0,0.28378378378378377,-0.28378378378378377
1630551,Justin Champagnie,1,12,0.375,0.46958637469586373,-0.09458637469586373,1.0,0.38341968911917096,0.616580310880829
202344,Trevor Booker,1,14,0.0,0.09620991253644315,-0.09620991253644315,,0.24242424242424243,
1629680,Matisse Thybulle,5,100,0.5,0.5972423802612482,-0.0972423802612482,0.3333333333333333,0.3377885783718105,-0.0044552450384771625
1630544,Tre Mann,1,18,0.36363636363636365,0.46258503401360546,-0.09894867037724181,0.25,0.3602941176470588,-0.11029411764705882
203145,Kent Bazemore,4,103,0.336734693877551,0.43698211949411253,-0.10024742561656153,0.36363636363636365,0.36227544910179643,0.0013609145345672147
1626204,Larry Nance Jr.,7,127,0.13157894736842105,0.23450586264656617,-0.10292691527814513,0.3,0.35,-0.04999999999999999
1629020,Jarred Vanderbilt,3,71,0.0,0.10400763358778627,-0.10400763358778627,,0.29357798165137616,
1627819,Isaiah Taylor,1,16,0.1,0.20512820512820512,-0.10512820512820512,0.0,0.25,-0.25
200765,Rajon Rondo,3,48,0.22580645161290322,0.33253588516746413,-0.10672943355456091,0.42857142857142855,0.3405275779376499,0.08804385063377868
1629652,Luguentz Dort,6,152,0.4413793103448276,0.5501888828926066,-0.10880957254777901,0.28125,0.359980382540461,-0.078730382540461
203895,Jordan McRae,1,10,0.23529411764705882,0.3442622950819672,-0.10896817743490839,0.5,0.35714285714285715,0.14285714285714285
1627745,Damian Jones,1,13,0.0,0.10902255639097744,-0.10902255639097744,,0.3448275862068966,
1630177,Theo Maledon,1,15,0.4,0.509771986970684,-0.10977198697068402,0.25,0.3354632587859425,-0.08546325878594252
1717,Dirk Nowitzki,1,32,0.3333333333333333,0.4445910290237467,-0.11125769569041338,0.0,0.4094955489614243,-0.4094955489614243
1628382,Justin Jackson,2,33,0.36363636363636365,0.4756637168141593,-0.11202735317779566,0.25,0.33488372093023255,-0.08488372093023255
202697,Iman Shumpert,1,19,0.5,0.6121076233183856,-0.11210762331838564,0.0,0.34798534798534797,-0.34798534798534797
1626168,Trey Lyles,6,106,0.39215686274509803,0.5050820953870211,-0.11292523264192306,0.2,0.36145510835913314,-0.16145510835913313
203487,Michael Carter-Williams,2,21,0.14285714285714285,0.25660377358490566,-0.11374663072776281,0.0,0.27205882352941174,-0.27205882352941174
1628969,Mikal Bridges,7,230,0.30268199233716475,0.4164292497625831,-0.11374725742541836,0.31645569620253167,0.371341695172938,-0.05488599897040636
203090,Maurice Harkless,4,76,0.2564102564102564,0.3706972639011474,-0.11428700749089099,0.4,0.33095238095238094,0.06904761904761908
203925,Joe Harris,5,162,0.46621621621621623,0.583939393939394,-0.11772317772317775,0.463768115942029,0.44525168655941877,0.018516429382610222
1630194,Paul Reed,1,18,0.0,0.11875,-0.11875,,0.3684210526315789,
1627761,DeAndre' Bembry,3,58,0.15151515151515152,0.271455223880597,-0.11994007236544549,0.4,0.27147766323024053,0.1285223367697595
1630534,Ochai Agbaji,3,58,0.3902439024390244,0.5114560236511456,-0.12121212121212122,0.3125,0.35260115606936415,-0.04010115606936415
1630168,Onyeka Okongwu,3,70,0.02702702702702703,0.14877102199223805,-0.12174399496521102,0.0,0.32608695652173914,-0.32608695652173914
1642271,Kyle Filipowski,1,14,0.3,0.4247104247104247,-0.1247104247104247,0.16666666666666666,0.35,-0.18333333333333332
1629021,Moritz Wagner,2,28,0.16666666666666666,0.29324894514767935,-0.1265822784810127,0.0,0.32014388489208634,-0.32014388489208634
1631100,AJ Griffin,1,12,0.35714285714285715,0.48592870544090055,-0.1287858482980434,0.0,0.38996138996138996,-0.38996138996138996
1631119,Jaylin Williams,1,13,0.5,0.631578947368421,-0.13157894736842102,0.0,0.3680555555555556,-0.3680555555555556
1630214,Xavier Tillman,2,25,0.0,0.1322314049586777,-0.1322314049586777,,0.325,
203920,Khem Birch,1,14,0.0,0.1368421052631579,-0.1368421052631579,,0.25,
1629740,Nicolo Melli,1,12,0.5,0.6377708978328174,-0.13777089783281737,0.3333333333333333,0.33495145631067963,-0.0016181229773463146
1630529,Herbert Jones,3,83,0.22727272727272727,0.36576576576576575,-0.13849303849303848,0.26666666666666666,0.3727422003284072,-0.10607553366174055
202704,Reggie Jackson,7,162,0.2786259541984733,0.41742674170386185,-0.13880078750538855,0.3287671232876712,0.3579730357973036,-0.029205912509632392
203210,JaMychal Green,3,55,0.2682926829268293,0.41109422492401215,-0.14280154199718287,0.18181818181818182,0.3807763401109057,-0.1989581582927239
202391,Jeremy Lin,1,11,0.2,0.3456561922365989,-0.14565619223659887,0.0,0.29411764705882354,-0.29411764705882354
1642270,Donovan Clingan,1,14,0.0,0.1467065868263473,-0.1467065868263473,,0.2857142857142857,
1631246,Vince Williams Jr.,1,21,0.4,0.5514511873350924,-0.15145118733509233,0.16666666666666666,0.37799043062200954,-0.21132376395534289
1630228,Jonathan Kuminga,3,66,0.08771929824561403,0.23975090814737934,-0.1520316099017653,0.4,0.33116883116883117,0.06883116883116885
203516,James Ennis III,4,65,0.3,0.4546875,-0.15468750000000003,0.3333333333333333,0.3539518900343643,-0.020618556701030966
1630587,Isaiah Livers,1,19,0.5454545454545454,0.7048611111111112,-0.15940656565656575,0.16666666666666666,0.3645320197044335,-0.19786535303776684
201584,Courtney Lee,1,29,0.20833333333333334,0.36821192052980134,-0.159878587196468,0.2,0.4064748201438849,-0.2064748201438849
1627820,Tyrone Wallace,1,10,0.0,0.16194331983805668,-0.16194331983805668,,0.25,
1641842,Ronald Holland II,1,12,0.2,0.3629807692307692,-0.1629807692307692,1.0,0.23841059602649006,0.7615894039735099
1628371,Jonathan Isaac,4,79,0.23684210526315788,0.40115904700579524,-0.16431694174263736,0.3333333333333333,0.31942215088282505,0.013911182450508264
1627733,Dragan Bender,1,22,0.5,0.6652892561983471,-0.1652892561983471,0.5,0.36645962732919257,0.13354037267080743
1631200,Kris Murray,1,13,0.3333333333333333,0.5,-0.16666666666666669,0.0,0.2677595628415301,-0.2677595628415301
1631222,Jake LaRavia,1,14,0.25,0.42136498516320475,-0.17136498516320475,0.0,0.4225352112676056,-0.4225352112676056
1629670,Jordan Nwora,2,22,0.3076923076923077,0.4829106945975744,-0.1752183869052667,0.25,0.3767123287671233,-0.1267123287671233
1628021,David Nwaba,2,38,0.0,0.1854014598540146,-0.1854014598540146,,0.33070866141732286,
1630692,Jordan Goodwin,2,33,0.16666666666666666,0.3523809523809524,-0.18571428571428575,0.0,0.3088803088803089,-0.3088803088803089
203476,Gorgui Dieng,1,11,0.23076923076923078,0.4175824175824176,-0.18681318681318682,0.3333333333333333,0.35526315789473684,-0.02192982456140352
1641767,Ben Sheppard,1,18,0.5,0.6933797909407665,-0.19337979094076652,0.0,0.3417085427135678,-0.3417085427135678
1641739,Toumani Camara,2,54,0.2647058823529412,0.4610051993067591,-0.19629931695381792,0.4444444444444444,0.36278195488721804,0.08166248955722638
1628470,Torrey Craig,7,150,0.31343283582089554,0.516689529035208,-0.2032566932143125,0.42857142857142855,0.3530973451327434,0.07547408343868517
1642268,Isaiah Collier,1,24,0.09523809523809523,0.3045045045045045,-0.20926640926640927,0.0,0.2485207100591716,-0.2485207100591716
1630703,Scoot Henderson,2,33,0.16666666666666666,0.38124156545209176,-0.2145748987854251,0.0,0.3398230088495575,-0.3398230088495575
1630538,Bones Hyland,1,12,0.3333333333333333,0.5516637478108581,-0.21833041447752483,0.0,0.37142857142857144,-0.37142857142857144
1642346,Ryan Dunn,1,18,0.3333333333333333,0.5534591194968553,-0.22012578616352202,0.0,0.3106060606060606,-0.3106060606060606
201573,Jerryd Bayless,1,15,0.3333333333333333,0.5572519083969466,-0.2239185750636133,0.0,0.3698630136986301,-0.3698630136986301
203943,Noah Vonleh,2,32,0.07692307692307693,0.30118694362017806,-0.22426386669710113,0.0,0.3251231527093596,-0.3251231527093596
1642262,Cody Williams,1,12,0.2857142857142857,0.5252918287937743,-0.23957754307948864,0.0,0.25925925925925924,-0.25925925925925924
1626203,Treveon Graham,2,23,0.2857142857142857,0.5727482678983834,-0.2870339821840977,0.0,0.2862903225806452,-0.2862903225806452
1628411,Wes Iwundu,1,13,0.0,0.28832116788321166,-0.28832116788321166,,0.3670886075949367,
1629067,Isaac Bonga,1,10,0.0,0.3034188034188034,-0.3034188034188034,,0.352112676056338,
1642267,Bub Carrington,1,17,0.2222222222222222,0.5441176470588235,-0.3218954248366013,0.0,0.33906633906633904,-0.33906633906633904
1628400,Semi Ojeleye,2,32,0.3333333333333333,0.6919315403422983,-0.358598207008965,0.0,0.3462897526501767,-0.3462897526501767
1629669,Jaylen Nowell,1,11,0.0,0.3712,-0.3712,,0.28879310344827586,
1630611,Gui Santos,1,11,0.2,0.5754189944134078,-0.3754189944134078,0.0,0.3300970873786408,-0.3300970873786408
201967,Dante Cunningham,1,20,0.0,0.46153846153846156,-0.46153846153846156,,0.34523809523809523,
201601,Luc Mbah a Moute,1,13,0.0,0.5014492753623189,-0.5014492753623189,,0.36416184971098264,
1641716,Jarace Walker,1,11,0.0,0.5138888888888888,-0.5138888888888888,,0.40540540540540543,
1628425,Sterling Brown,1,10,0.0,0.6417910447761194,-0.6417910447761194,,0.4232558139534884,
101181,Jose Calderon,1,12,,0.475,,,0.24561403508771928,
1628414,Sindarius Thornwell,2,36,,0.2695035460992908,,,0.34210526315789475,
1641722,Jordan Hawkins,1,10,,0.6535087719298246,,,0.36577181208053694,
1641748,Andre Jackson Jr.,1,13,,0.38578680203045684,,,0.39473684210526316,
