PLAYER_ID,player_name,seasons,clutch_gp,clutch_tov,overall_tov,clutch_tov_rate,overall_tov_rate,tov_rate_diff
1641748,Andre Jackson Jr.,1,13,3,58,1.0,0.21840638650399155,0.7815936134960084
203092,Tyler Zeller,1,14,2,47,0.6666666666666666,0.1130459880700404,0.5536206785966262
1641716,Jarace Walker,1,11,2,78,0.6666666666666666,0.1665385600819882,0.5001281065846784
1628385,Harry Giles III,1,10,1,44,0.5,0.1389941875157948,0.3610058124842052
1627775,Patrick McCaw,2,21,5,70,0.5,0.1458698007835292,0.3541301992164708
2561,David West,1,10,1,80,0.5,0.16235084016559787,0.33764915983440213
1629065,Ky Bowman,1,11,2,70,0.5,0.1711324075884999,0.3288675924115001
1627733,Dragan Bender,1,22,8,112,0.5,0.18110083435741542,0.3188991656425846
202334,Ed Davis,1,17,2,66,0.42016806722689076,0.16222593648608788,0.25794213074080286
1630267,Facundo Campazzo,1,14,5,73,0.4251700680272109,0.1705448088963648,0.2546252591308461
1629002,Chimezie Metu,1,14,3,61,0.3554502369668246,0.11090102537997237,0.24454921158685222
1631223,David Roddy,1,12,2,57,0.3333333333333333,0.11273734177215189,0.22059599156118143
1627789,Timothe Luwawu-Cabarrot,1,16,4,43,0.3215434083601286,0.10289050535987748,0.21865290300025114
1630538,Bones Hyland,1,12,4,82,0.3278688524590164,0.11749871038000803,0.2103701420790084
203710,C.J. Williams,1,11,2,20,0.2958579881656805,0.08926977325477593,0.20658821491090457
203112,Quincy Acy,1,27,6,60,0.3355704697986577,0.1329198050509526,0.20265066474770507
1642276,Kel'el Ware,1,16,3,57,0.3036437246963563,0.10354599622147943,0.2000977284748769
1627820,Tyrone Wallace,1,10,1,46,0.3333333333333333,0.1405352560185751,0.1927980773147582
1626170,Jerian Grant,1,17,7,89,0.315884476534296,0.13190656865069955,0.18397790788359647
202732,DeAndre Liggins,1,10,1,20,0.3333333333333333,0.15600624024961,0.17732709308372333
1628977,Hamidou Diallo,1,10,5,76,0.29620853080568715,0.11987381703470032,0.17633471377098683
1629004,Svi Mykhailiuk,2,29,7,149,0.30755711775043937,0.13389647735442128,0.17366064039601808
101139,CJ Miles,2,40,5,69,0.2358490566037736,0.06588999236058059,0.16995906424319301
1628411,Wes Iwundu,1,13,1,44,0.29069767441860467,0.12110536166464825,0.16959231275395642
1627755,Tyler Ulis,1,18,7,127,0.341130604288499,0.17579314545152538,0.16533745883697362
2734,Devin Harris,1,17,3,76,0.29069767441860467,0.12566137566137567,0.165036298757229
1627098,Malcolm Delaney,1,20,1,66,0.3333333333333333,0.1685909880453663,0.16474234528796702
1627746,Skal Labissiere,1,11,2,73,0.2857142857142857,0.12523159267137857,0.16048269304290713
203487,Michael Carter-Williams,2,21,5,121,0.32216494845360827,0.1662087912087912,0.15595615724481707
201601,Luc Mbah a Moute,1,13,1,68,0.3012048192771084,0.14951627088830255,0.15168854838880586
1630188,Jalen Smith,2,30,6,114,0.25380710659898476,0.10583385940807309,0.14797324719091165
1629010,Jerome Robinson,1,11,1,49,0.26595744680851063,0.1275775880024995,0.13837985880601114
1642347,Jamal Shead,1,16,5,117,0.3125,0.17962417096536476,0.13287582903463524
1627853,Ryan Arcidiacono,1,20,3,63,0.2525252525252525,0.11979919373241044,0.13272605879284205
1630570,Trendon Watford,1,14,5,83,0.3004807692307692,0.17054327278704692,0.1299374964437223
1631200,Kris Murray,1,13,1,55,0.25,0.12341800556503008,0.12658199443496992
1630692,Jordan Goodwin,2,33,4,113,0.24330900243309006,0.1249557678697806,0.11835323456330946
1627790,Ante Zizic,1,11,1,61,0.25,0.13553146107358693,0.11446853892641307
1629659,Talen Horton-Tucker,3,51,17,313,0.25449101796407186,0.14635195541174928,0.10813906255232258
2733,Shaun Livingston,2,32,2,96,0.24390243902439027,0.13748066678123388,0.10642177224315638
1627788,Furkan Korkmaz,2,36,4,107,0.19379844961240308,0.08757284096117332,0.10622560865122976
1629066,Rodions Kurucs,1,15,3,77,0.23961661341853036,0.13592712893659087,0.10368948448193949
201578,Marreese Speights,1,14,1,40,0.2,0.0968054211035818,0.10319457889641821
1717,Dirk Nowitzki,1,32,2,51,0.16233766233766234,0.0595432681081586,0.10279439422950373
201149,Joakim Noah,1,12,2,50,0.2617801047120419,0.16079238487265243,0.10098771983938945
201585,Kosta Koufos,1,18,1,49,0.20491803278688525,0.10413124787487249,0.10078678491201276
203943,Noah Vonleh,2,32,5,119,0.23234200743494424,0.1341358943144416,0.09820611312050265
1628408,PJ Dozier,1,16,2,46,0.20491803278688525,0.10696679378662449,0.09795123900026076
1630231,KJ Martin,4,69,9,207,0.19982238010657194,0.10234756640230999,0.09747481370426195
1631246,Vince Williams Jr.,1,21,7,92,0.2696456086286595,0.17417644831503218,0.09546916031362732
202323,Evan Turner,2,53,10,213,0.254841997961264,0.16054630969609263,0.09429568826517137
1629021,Moritz Wagner,2,28,4,165,0.21978021978021978,0.12862087243927536,0.09115934734094441
201163,Wilson Chandler,2,47,7,138,0.2160493827160494,0.1250951811160666,0.0909542015999828
1629672,Eric Paschall,1,17,5,94,0.2039151712887439,0.11362537472198048,0.09028979656676342
101127,Jarrett Jack,1,19,11,115,0.28467908902691513,0.19458544839255498,0.09009364063436015
1630592,Jalen Wilson,1,20,2,79,0.1923076923076923,0.10238465526179368,0.08992303704589862
1630237,Anthony Lamb,1,14,2,54,0.2222222222222222,0.13691683569979718,0.08530538652242503
203488,Mike Muscala,4,67,9,127,0.17006802721088435,0.08742702940852516,0.08264099780235919
1626147,Justin Anderson,1,11,1,23,0.2,0.11770726714431934,0.08229273285568067
1630577,Julian Champagnie,2,38,4,131,0.1838235294117647,0.10235654456807101,0.08146698484369368
1631103,Malaki Branham,1,14,4,91,0.20242914979757087,0.12186629526462395,0.08056285453294693
1629020,Jarred Vanderbilt,3,71,9,223,0.23584905660377362,0.15543535840744974,0.08041369819632388
1627737,Marquese Chriss,2,32,6,185,0.2362204724409449,0.1560970670626751,0.08012340537826981
203499,Shane Larkin,1,11,2,33,0.20242914979757087,0.12300581482033697,0.0794233349772339
1641711,Gradey Dick,1,21,5,83,0.1808972503617945,0.10398396391881733,0.07691328644297717
1631222,Jake LaRavia,1,14,2,86,0.2577319587628866,0.18158783783783783,0.0761441209250488
1630214,Xavier Tillman,2,25,3,89,0.19230769230769232,0.11765016920473773,0.07465752310295459
1626163,Frank Kaminsky,3,50,5,144,0.16108247422680413,0.08796364169476617,0.07311883253203796
203613,Jonathon Simmons,2,51,9,214,0.21697203471552554,0.14521075916727735,0.07176127554824818
1629003,Shake Milton,2,29,7,197,0.20348837209302326,0.1317302805788108,0.07175809151421245
1626158,Richaun Holmes,4,88,15,235,0.18382352941176472,0.11394933860894528,0.06987419080281944
2738,Andre Iguodala,5,95,12,240,0.2380952380952381,0.16914749661705006,0.06894774147818805
1631204,Marcus Sasser,1,13,2,54,0.21186440677966098,0.1449897970142842,0.06687460976537679
201147,Corey Brewer,1,18,2,49,0.18796992481203006,0.12110726643598616,0.06686265837604391
1630249,Vít Krejčí,1,13,1,50,0.20491803278688525,0.13819789939192925,0.066720133394956
1630256,Jae'Sean Tate,5,88,14,343,0.20254629629629628,0.13628200441823873,0.06626429187805755
1630528,Josh Christopher,1,13,2,114,0.23696682464454974,0.17175917555595732,0.06520764908859242
202391,Jeremy Lin,1,11,2,124,0.22831050228310504,0.1637179825719567,0.06459251971114835
1627756,Denzel Valentine,2,43,7,141,0.17123287671232876,0.10780475870083797,0.06342811801149079
1630526,Jeremiah Robinson-Earl,3,39,4,109,0.16233766233766234,0.09959431307335258,0.06274334926430976
1642264,Stephon Castle,1,26,9,177,0.1968503937007874,0.13446169740800387,0.06238869629278354
1627745,Damian Jones,1,13,4,59,0.2159827213822894,0.1541919297512022,0.06179079163108722
203995,Vasilije Micic,1,12,4,77,0.26881720430107525,0.20921638952287794,0.059600814778197314
1629216,Gabe Vincent,3,68,9,231,0.1839738348323794,0.12845322300814094,0.05552061182423845
1631100,AJ Griffin,1,12,2,42,0.125,0.07050765511684126,0.05449234488315874
203459,Allen Crabbe,2,66,9,124,0.14097744360902256,0.08806567995227409,0.052911763656748476
1626145,Tyus Jones,7,138,14,438,0.14970059880239522,0.09824240303609398,0.05145819576630124
203920,Khem Birch,1,14,1,44,0.14285714285714285,0.09152175721773859,0.05133538563940426
1626169,Stanley Johnson,4,83,8,247,0.18214936247723132,0.13140254931585554,0.050746813161375776
1631106,Tari Eason,2,41,4,166,0.16025641025641024,0.11106947864254363,0.049186931613866613
1628464,Daniel Theis,3,69,11,176,0.17123287671232873,0.12263099219620958,0.048601884516119145
1628386,Jarrett Allen,8,240,42,767,0.17006802721088435,0.12366579600786817,0.046402231203016175
202340,Avery Bradley,4,93,15,275,0.16276041666666669,0.11865927958715201,0.04410113707951467
2225,Tony Parker,1,14,3,75,0.16891891891891894,0.12656946132037264,0.0423494575985463
1626196,Josh Richardson,7,202,40,624,0.1532097441397273,0.11113881665657392,0.04207092748315337
1628964,Mo Bamba,1,20,3,77,0.14677103718199608,0.10604307827907233,0.040727958902923744
1630533,Ziaire Williams,3,48,6,174,0.14895729890764647,0.10825473458925416,0.04070256431839231
203124,Kyle O'Quinn,1,11,2,100,0.22522522522522526,0.18522634659553974,0.039998878629685514
1629680,Matisse Thybulle,5,100,6,186,0.1535312180143296,0.11383387598227619,0.0396973420320534
1630530,Trey Murphy III,4,83,10,214,0.10969723562966213,0.07075128608646204,0.03894594954320009
1631108,Max Christie,1,31,5,88,0.157035175879397,0.11813983460423155,0.038895341275165446
1628380,Zach Collins,2,39,10,261,0.20508613617719443,0.1674407862660063,0.03764534991118812
1628966,Keita Bates-Diop,3,32,4,116,0.14064697609001406,0.10344950593942852,0.03719747015058554
1631101,Shaedon Sharpe,2,39,14,222,0.15283842794759828,0.11569489900148007,0.03714352894611821
202066,Garrett Temple,5,130,15,311,0.15219155844155843,0.11506926355671325,0.03712229488484518
1628975,Jevon Carter,2,33,3,110,0.15,0.11620536657511092,0.03379463342488907
1630553,Keon Johnson,1,26,6,116,0.15479876160990713,0.1213186077643909,0.033480153845516225
1629139,Yuta Watanabe,1,15,1,22,0.11261261261261263,0.08009319935925441,0.03251941325335822
1628976,Wendell Carter Jr.,7,166,26,583,0.16201395812562314,0.13028631703152793,0.031727641094095205
1630590,Scotty Pippen Jr.,1,22,2,138,0.20242914979757087,0.17095287646796492,0.03147627332960595
1631212,Peyton Watson,2,37,3,114,0.13513513513513514,0.10402219140083217,0.03111294373430297
1630540,Miles McBride,2,31,3,71,0.09410288582183188,0.06327083481856419,0.03083205100326769
1626220,Royce O'Neale,8,228,21,600,0.16990291262135923,0.13920467727715652,0.030698235344202712
203937,Kyle Anderson,8,207,24,606,0.16783216783216784,0.1373651282981231,0.030467039534044726
201567,Kevin Love,5,95,20,446,0.146756677428823,0.1163251679672829,0.030431509461540107
1630703,Scoot Henderson,2,33,8,389,0.21978021978021978,0.18962659647070293,0.030153623309516847
1630177,Theo Maledon,1,15,3,141,0.2032520325203252,0.1731335952848723,0.030118437235452905
202697,Iman Shumpert,1,19,1,50,0.12690355329949238,0.09693679720822025,0.029966756091272126
1631109,Mark Williams,1,15,4,71,0.15015015015015015,0.1203961201926338,0.02975402995751636
201577,Robin Lopez,3,46,13,278,0.1661554192229039,0.13647520864015708,0.029680210582746808
203200,Justin Holiday,6,182,19,387,0.12299326773692389,0.09349000357532831,0.02950326416159557
1626203,Treveon Graham,2,23,1,46,0.11848341232227487,0.08961271721343413,0.028870695108840744
1626166,Cameron Payne,1,15,1,66,0.14285714285714285,0.1144879267277269,0.028369216129415953
1626167,Myles Turner,8,243,39,737,0.13697667884237144,0.10920524659344827,0.027771432248923172
203493,Reggie Bullock Jr.,5,150,16,233,0.10460251046025104,0.0770105368923439,0.027591973567907144
1641796,Pelle Larsson,1,11,1,24,0.12195121951219513,0.09454774661203907,0.02740347290015606
1642377,Jaylen Wells,1,24,2,69,0.11135857461024498,0.08577821979114869,0.02558035481909629
1631165,Keon Ellis,2,38,4,108,0.15151515151515152,0.1259857216182166,0.025529429896934908
1627732,Ben Simmons,5,161,46,1022,0.22718293164757014,0.20174344235112043,0.025439489296449708
1628407,Dwayne Bacon,3,42,4,101,0.09505703422053233,0.06970324361628709,0.025353790604245238
1626257,Salah Mejri,1,21,1,39,0.21551724137931033,0.1902067889192353,0.025310452460075045
1626144,Emmanuel Mudiay,1,24,11,140,0.17070142768466792,0.14555435415453713,0.025147073530130792
203924,Jerami Grant,8,227,41,675,0.11452513966480447,0.09035225331827015,0.02417288634653432
201954,Darren Collison,2,65,15,211,0.15054195102368526,0.12749552859283608,0.023046422430849173
1630202,Payton Pritchard,3,55,4,197,0.11248593925759279,0.08965140620733594,0.022834533050256844
203585,Rodney McGruder,2,30,3,88,0.13586956521739132,0.11330861145447055,0.022560953762920777
201573,Jerryd Bayless,1,15,2,46,0.16129032258064516,0.14051808406647115,0.020772238514174007
1629675,Naz Reid,5,98,14,462,0.13069454817027631,0.11019625428143455,0.020498293888841765
1628449,Chris Boucher,3,57,4,117,0.08424599831508002,0.06386044582232606,0.020385552492753964
201569,Eric Gordon,6,151,20,547,0.126806999746386,0.10648901625174237,0.020317983494643643
1629670,Jordan Nwora,2,22,2,123,0.13333333333333333,0.11318046302771541,0.020152870305617923
201975,Jodie Meeks,1,11,1,37,0.09689922480620154,0.07684639029658552,0.02005283450961602
1630170,Devin Vassell,4,99,15,311,0.10086067778375471,0.08090951662417399,0.01995116115958072
201587,Nicolas Batum,7,174,21,465,0.15094882116158712,0.13175790547432847,0.01919091568725864
1630180,Saddiq Bey,4,125,13,281,0.08916323731138545,0.07004895948627439,0.019114277825111062
202699,Tobias Harris,8,296,45,850,0.10598210080075364,0.08698036904235637,0.01900173175839727
202714,Shelvin Mack,2,41,5,155,0.16622340425531915,0.1473888402875509,0.018834563967768253
1629060,Rui Hachimura,5,99,8,269,0.09372071227741331,0.07489948433514874,0.018821227942264568
1629645,Kevin Porter Jr.,4,75,25,609,0.18366147516896855,0.1648672940106338,0.018794181158334755
1630534,Ochai Agbaji,3,58,6,159,0.1187648456057007,0.10011837896380626,0.01864646664189444
201961,Wayne Ellington,5,95,8,162,0.09380863039399624,0.07535444498195214,0.018454185412044105
203933,T.J. Warren,3,78,14,221,0.08820564516129033,0.07019170912047565,0.01801393604081468
1629028,Deandre Ayton,7,175,32,688,0.1314060446780552,0.11420831064660496,0.017197734031450237
1630631,Jose Alvarado,2,29,4,167,0.151285930408472,0.13416240881776406,0.01712352159070793
1628984,Devonte' Graham,4,97,27,423,0.1344621513944223,0.11775251372387452,0.016709637670547783
1629164,Brandon Goodwin,1,10,3,36,0.1903553299492386,0.17414860681114552,0.01620672313809307
201937,Ricky Rubio,5,123,31,761,0.19140528525561867,0.17527131354448805,0.016133971711130624
203500,Steven Adams,7,196,26,683,0.17159450897571277,0.1555312656555996,0.016063243320113163
203894,Shabazz Napier,2,41,8,218,0.17921146953405018,0.16353597791514132,0.015675491618908854
1641718,Keyonte George,2,42,20,371,0.17482517482517482,0.15932867228969474,0.015496502535480072
1630166,Deni Avdija,5,120,20,599,0.1590836780146357,0.14426643288600302,0.014817245128632667
202696,Nikola Vučević,8,270,48,996,0.10697093956141913,0.09309768527000198,0.013873254291417156
2772,Trevor Ariza,3,70,7,214,0.11721366376423309,0.10343760875449518,0.013776055009737914
1628960,Grayson Allen,5,133,12,333,0.11498658489842851,0.10131188239302925,0.013674702505399261
1626168,Trey Lyles,6,106,8,314,0.11217049915872127,0.09867387342090378,0.013496625737817486
204038,Langston Galloway,3,65,2,82,0.06297229219143577,0.0497367591042531,0.013235533087182672
1642267,Bub Carrington,1,17,4,141,0.1652892561983471,0.15220207253886012,0.013087183659486995
202355,Hassan Whiteside,4,82,11,362,0.13291445142580957,0.11996129425643881,0.01295315716937076
203077,Michael Kidd-Gilchrist,2,51,3,96,0.09868421052631579,0.0859168038948951,0.012767406631420689
203939,Dwight Powell,5,123,8,291,0.12828736369467608,0.11569656488549619,0.01259079880917989
1629652,Luguentz Dort,6,152,20,406,0.10283833813245578,0.09034428739274397,0.012494050739711812
202685,Jonas Valančiūnas,7,149,24,881,0.14340344168260036,0.13093596176253774,0.012467479920062613
202694,Marcus Morris Sr.,6,151,20,436,0.09920634920634921,0.08716095189355169,0.012045397312797523
1626159,Justise Winslow,4,82,15,311,0.15664160401002505,0.14462425595238096,0.012017348057644095
1627854,Bryn Forbes,4,96,9,230,0.09445843828715365,0.0826779012753965,0.011780537011757158
1628963,Marvin Bagley III,4,53,6,242,0.11061946902654866,0.0989095427272876,0.01170992629926107
1628382,Justin Jackson,2,33,2,69,0.07898894154818326,0.06740914419695193,0.011579797351231325
202703,Nikola Mirotic,2,45,5,110,0.08735150244584207,0.0758181467287916,0.01153335571705047
1629660,Ty Jerome,3,33,2,159,0.12019230769230768,0.1095916848170715,0.01060062287523618
203095,Evan Fournier,5,151,35,552,0.11623273113708821,0.1058339021266479,0.010398829010440314
201156,Nick Young,1,17,1,39,0.08038585209003216,0.07019438444924406,0.010191467640788099
1630224,Jalen Green,4,134,31,729,0.12315270935960591,0.113528766850223,0.009623942509382907
1627751,Jakob Poeltl,7,141,20,644,0.15659254619480112,0.1469876658176075,0.00960488037719362
1630560,Cam Thomas,4,60,16,304,0.10317255610007738,0.09373573921730659,0.009436816882770788
201565,Derrick Rose,4,80,24,325,0.12079726192872961,0.11141278264565936,0.009384479283070249
1626149,Montrezl Harrell,4,104,15,386,0.11032656663724624,0.10095515080502579,0.009371415832220453
203952,Andrew Wiggins,8,251,40,879,0.10262725779967159,0.09337792244214604,0.009249335357525548
1628416,Tyler Dorsey,1,13,1,37,0.09191176470588235,0.08282593123209168,0.009085833473790661
202324,Derrick Favors,4,62,5,263,0.11715089034676664,0.10834816426076066,0.008802726086005977
203114,Khris Middleton,8,206,56,1124,0.1373491611890513,0.12902929561943244,0.008319865569618862
203526,Raul Neto,2,44,5,132,0.12768130745658837,0.11946566267241067,0.008215644784177703
1641706,Brandon Miller,2,42,8,208,0.11792452830188678,0.1098854655340011,0.008039062767885685
1629651,Nic Claxton,4,107,11,314,0.12790697674418605,0.11993155498518043,0.007975421759005619
1627827,Dorian Finney-Smith,7,227,23,448,0.11093961026432568,0.10379019553331481,0.00714941473101087
1627783,Pascal Siakam,8,274,50,1099,0.10949544498948845,0.10269108577835918,0.006804359211129263
203078,Bradley Beal,8,230,94,1329,0.12468827930174564,0.11806616680288547,0.006622112498860175
1627814,Damion Lee,4,78,9,213,0.11375126390293225,0.1072205219072165,0.0065307419957157525
1626174,Christian Wood,4,85,16,411,0.1183431952662722,0.11200985468697197,0.006333340579300226
1626178,Rondae Hollis-Jefferson,2,58,8,189,0.12300123001230014,0.11669836251821483,0.006302867494085304
1630596,Evan Mobley,4,134,20,514,0.12823800974608873,0.12229127211473491,0.005946737631353824
1642271,Kyle Filipowski,1,14,4,102,0.15527950310559005,0.1493586364435073,0.005920866662082747
1630529,Herbert Jones,3,83,14,281,0.13608087091757387,0.13020833333333334,0.005872537584240528
1626204,Larry Nance Jr.,7,127,14,391,0.1345119139123751,0.1286590502263873,0.005852863685987808
1628369,Jayson Tatum,8,278,82,1389,0.1109007303218826,0.10513583640894132,0.005764893912941285
1630171,Isaac Okoro,5,136,8,263,0.10621348911311737,0.10049214403619246,0.0057213450769249136
1631323,Simone Fontecchio,1,16,2,68,0.1111111111111111,0.10541981892595809,0.0056912921851530185
1629643,Chuma Okeke,2,29,2,95,0.09689922480620154,0.09132859065564314,0.005570634150558404
201588,George Hill,5,86,10,271,0.13020833333333334,0.12477439316365244,0.005433940169680906
203932,Aaron Gordon,8,234,33,875,0.11939218523878438,0.11406715231028351,0.005325032928500867
1628379,Luke Kennard,8,145,11,449,0.11265874641540352,0.10793684372475865,0.004721902690644875
1630556,Kessler Edwards,2,22,2,58,0.12690355329949238,0.12234222072224098,0.004561332577251401
1627936,Alex Caruso,5,122,17,365,0.16765285996055226,0.1640243025596779,0.003628557400874366
203482,Kelly Olynyk,7,170,32,836,0.17130620985010706,0.16819571865443425,0.0031104911956728043
1641739,Toumani Camara,2,54,6,193,0.1364877161055505,0.1334716459197787,0.0030160701857717964
1631114,Jalen Williams,3,88,14,396,0.11068943706514864,0.10808332241582601,0.00260611464932263
1627763,Malcolm Brogdon,7,169,39,638,0.1115177856570971,0.1089949910138926,0.0025227946432044984
1642268,Isaiah Collier,1,24,8,208,0.2528445006321112,0.25037315229428475,0.0024713483378264733
1629013,Landry Shamet,5,83,4,206,0.08368200836820085,0.0813085145013341,0.0023734938668667493
203967,Dario Šarić,5,110,11,468,0.13132760267430754,0.1292860536813375,0.0020415489929700437
203084,Harrison Barnes,8,292,39,709,0.08561643835616439,0.08403301584893495,0.00158342250722944
1628390,Terrance Ferguson,2,50,3,78,0.10387811634349031,0.10259917920656635,0.001278937136923966
1626153,Delon Wright,6,119,11,400,0.12820512820512822,0.12698251450775228,0.001222613697375946
1629614,Andrew Nembhard,3,92,20,339,0.15807777426493835,0.15725312650758896,0.0008246477573493893
202695,Kawhi Leonard,6,150,40,654,0.0902445627650934,0.08988504609700988,0.00035951666808352323
1627780,Gary Payton II,3,63,3,106,0.10806916426512968,0.10779368695086235,0.0002754773142673306
202687,Bismack Biyombo,4,56,7,228,0.15638963360142985,0.15638289116299486,6.742438434986786e-06
1629647,Darius Bazley,3,64,8,239,0.12277470841006753,0.12288423174217962,-0.00010952333211208809
1627736,Malik Beasley,7,193,15,442,0.07201843671980027,0.0722425256771511,-0.00022408895735083478
201152,Thaddeus Young,6,149,18,561,0.13270421704511945,0.13315041962556487,-0.0004462025804454206
201145,Jeff Green,5,131,10,347,0.09873617693522907,0.09930969743454718,-0.0005735204993181087
1630567,Scottie Barnes,4,133,30,639,0.1256913021618904,0.12683201803833147,-0.001140715876441073
1630162,Anthony Edwards,5,184,59,1099,0.11901880093601226,0.12030071895825488,-0.0012819180222426174
1641729,Brice Sensabaugh,1,16,3,107,0.14367816091954025,0.14496287866471577,-0.0012847177451755232
1630595,Cade Cunningham,3,99,40,755,0.15708451146716934,0.15837123055494956,-0.0012867190877802193
1629638,Nickeil Alexander-Walker,5,98,11,392,0.12222222222222222,0.12393610967081052,-0.0017138874485883027
203469,Cody Zeller,3,57,4,188,0.12106537530266344,0.12294331528420832,-0.0018779399815448822
203486,Mason Plumlee,7,167,23,691,0.18219264892268694,0.1840840552838251,-0.0018914063611381593
101133,Ian Mahinmi,2,23,2,145,0.20242914979757087,0.20450186167212006,-0.002072711874549188
201572,Brook Lopez,7,194,19,584,0.0895212966453072,0.09178522257916474,-0.002263925933857547
203957,Danté Exum,1,14,3,49,0.12626262626262624,0.1286359340543946,-0.0023733077917683643
1629057,Robert Williams III,3,49,5,149,0.1414027149321267,0.14399474274227841,-0.0025920278101517202
201571,D.J. Augustin,3,92,13,337,0.14580529385374608,0.14847384745523753,-0.002668553601491458
202954,Brad Wanamaker,2,24,2,147,0.1582278481012658,0.16113473933441488,-0.002906891233149078
202683,Enes Freedom,4,71,7,374,0.12289325842696629,0.12625069201582523,-0.0033574335888589407
203497,Rudy Gobert,8,253,42,933,0.13456362937331795,0.13841497789514287,-0.003851348521824921
1627812,Yogi Ferrell,1,40,3,78,0.08751458576429405,0.09140767824497258,-0.0038930924806785255
1629640,Keldon Johnson,5,137,18,481,0.08412787436904094,0.08813268641620615,-0.004004812047165213
203382,Aron Baynes,3,40,3,176,0.12234910277324633,0.12640409089603263,-0.004054988122786304
1629052,Oshae Brissett,1,26,2,54,0.08130081300813008,0.08542141230068337,-0.00412059929255329
1628381,John Collins,8,193,23,724,0.1028990694345025,0.1070233322690129,-0.004124262834510395
1628997,Caleb Martin,4,102,7,264,0.11246786632390746,0.11669436684465506,-0.004226500520747606
1627747,Caris LeVert,8,210,44,859,0.11391880695940347,0.11830261229796282,-0.004383805338559352
1631097,Bennedict Mathurin,3,74,14,384,0.11203585147247118,0.11652606663834436,-0.004490215165873182
201933,Blake Griffin,4,99,27,511,0.12170934006491164,0.12635629011997665,-0.004646950055065005
203109,Jae Crowder,6,149,12,361,0.08537279453614115,0.09040278069938196,-0.00502998616324081
203914,Gary Harris,7,164,15,404,0.08990649724286742,0.09496408289142128,-0.005057585648553853
1628404,Josh Hart,8,219,29,736,0.12921047941543398,0.13464071418117957,-0.005430234765745584
1641713,GG Jackson,1,16,2,65,0.08787346221441124,0.09348213772076165,-0.0056086755063504135
201229,Anthony Tolliver,2,44,3,94,0.09727626459143969,0.10330578512396695,-0.006029520532527255
1630587,Isaiah Livers,1,19,1,30,0.08333333333333333,0.0895094880057286,-0.006176154672395268
1626181,Norman Powell,7,164,19,606,0.09207210699748013,0.09862639151096934,-0.006554284513489217
1629130,Duncan Robinson,5,127,12,392,0.09107468123861567,0.09764749255188769,-0.006572811313272017
203518,Alex Abrines,1,24,1,25,0.06775067750677508,0.07435165358077564,-0.006600976074000564
203953,Jabari Parker,2,39,7,215,0.13565891472868216,0.14242183359830418,-0.00676291886962202
1626171,Bobby Portis,7,129,11,569,0.08607198748043819,0.09285793551840513,-0.006785948037966935
2199,Tyson Chandler,2,34,3,101,0.20949720670391062,0.21664521664521666,-0.007148009941306044
1630700,Dyson Daniels,2,58,8,214,0.13245033112582782,0.1396028494637685,-0.007152518337940672
203925,Joe Harris,5,162,18,419,0.10020040080160321,0.10736762263996227,-0.007167221838359064
1629117,Wenyen Gabriel,1,15,1,46,0.12690355329949238,0.13412642873804526,-0.007222875438552878
202330,Gordon Hayward,6,130,22,538,0.11095420617308856,0.11829895773780728,-0.007344751564718727
1630583,Santi Aldama,3,61,4,200,0.08833922261484099,0.09596928982725528,-0.007630067212414285
1631107,Nikola Jović,1,15,2,60,0.11848341232227487,0.12624137350614376,-0.007757961183868886
203992,Bogdan Bogdanović,8,217,28,719,0.09375837128315029,0.10181655460709288,-0.008058183323942592
1629726,Garrison Mathews,3,41,2,82,0.060386473429951695,0.06877348362855609,-0.008387010198604397
203507,Giannis Antetokounmpo,8,243,75,1849,0.11901739240827727,0.1275598199674926,-0.008542427559215332
202710,Jimmy Butler III,8,235,61,837,0.08593001634078999,0.09464599908633253,-0.008715982745542541
1628983,Shai Gilgeous-Alexander,7,203,48,1072,0.09449562957713206,0.10336595017606924,-0.008870320598937179
1628415,Dillon Brooks,6,191,21,635,0.08709356337093563,0.0963020030816641,-0.009208439710728475
1629014,Anfernee Simons,6,115,26,616,0.09832098018454091,0.10776691555692403,-0.009445935372383113
1630165,Killian Hayes,4,67,11,418,0.17328292375551355,0.1827466204990994,-0.009463696743585853
1631093,Jaden Ivey,3,66,19,516,0.15041165294490186,0.15995040297582144,-0.009538750030919585
201949,James Johnson,4,82,16,318,0.14154281670205238,0.15108898095708692,-0.009546164255034545
204001,Kristaps Porziņģis,7,157,24,596,0.07482229704451927,0.08458027746872232,-0.009757980424203047
204020,Tyler Johnson,3,69,4,187,0.09363295880149813,0.10339260438782731,-0.009759645586329177
1630208,Nick Richards,2,34,3,154,0.14018691588785048,0.1500740625243627,-0.009887146636512217
201158,Marco Belinelli,3,63,5,185,0.07793017456359103,0.0878943367540859,-0.009964162190494869
1628470,Torrey Craig,7,150,8,286,0.09965122072745392,0.10986309368325627,-0.01021187295580235
1629018,Gary Trent Jr.,6,168,10,281,0.042165626581211,0.052414420867281465,-0.010248794286070464
1627739,Kris Dunn,5,106,23,475,0.1553214478660184,0.16567609799653998,-0.010354650130521587
1630228,Jonathan Kuminga,3,66,8,288,0.10405827263267431,0.1147099590549174,-0.010651686422243095
200752,Rudy Gay,4,88,12,345,0.10107816711590296,0.1118241929210424,-0.010746025805139434
1629006,Josh Okogie,5,92,6,292,0.11070110701107011,0.12145412195324849,-0.010753014942178382
201980,Danny Green,5,137,15,324,0.0991801110817244,0.10998560682182332,-0.010805495740098911
1631128,Christian Braun,3,59,3,171,0.07700205338809035,0.08790508307287383,-0.010903029684783475
202331,Paul George,8,226,57,1282,0.1122754491017964,0.12331144122411132,-0.011035992122314917
1630552,Jalen Johnson,3,56,7,248,0.11490479317137228,0.1259880920932312,-0.011083298921858914
200765,Rajon Rondo,3,48,9,369,0.20891364902506965,0.22002003434459075,-0.0111063853195211
203926,Doug McDermott,5,84,3,252,0.06963788300835655,0.08083348302496857,-0.011195600016612017
203473,Dewayne Dedmon,3,71,9,226,0.1310425160163075,0.14237117298727478,-0.011328656970967271
203516,James Ennis III,4,65,3,184,0.10135135135135134,0.11273957158962797,-0.011388220238276625
1628401,Derrick White,7,183,24,688,0.1010611419909045,0.11251537273988016,-0.011454230748975655
101107,Marvin Williams,3,82,6,146,0.07218479307025986,0.08366570393801862,-0.01148091086775875
203490,Otto Porter Jr.,4,92,8,202,0.06872852233676975,0.08025809732684912,-0.011529574990079366
1630168,Onyeka Okongwu,3,70,5,216,0.09674922600619196,0.10830759356572667,-0.01155836755953471
203089,John Henson,1,34,3,84,0.11645962732919254,0.1281425433243837,-0.011682915995191168
1630200,Tre Jones,4,79,12,307,0.1145912910618793,0.1266438955167236,-0.012052604454844282
101141,Ersan Ilyasova,2,39,4,120,0.08710801393728222,0.09950578791999734,-0.012397773982715118
1641705,Victor Wembanyama,2,57,22,409,0.13917004048582995,0.15167022665242674,-0.012500186166596788
203501,Tim Hardaway Jr.,8,228,18,541,0.05642633228840126,0.06908511388189383,-0.012658781593492568
203944,Julius Randle,8,269,78,1671,0.12760944964334794,0.14066509081358466,-0.01305564117023672
1628371,Jonathan Isaac,4,79,4,184,0.08305647840531562,0.09616188644535496,-0.013105408040039346
1626224,Cedi Osman,6,108,10,451,0.09238728750923873,0.10569883098499123,-0.013311543475752502
203999,Nikola Jokić,8,291,120,1901,0.1332741003998223,0.14660201062999534,-0.013327910230173046
203115,Will Barton,5,140,25,525,0.1017749552190197,0.11526706830836247,-0.01349211308934277
1626162,Kelly Oubre Jr.,8,214,21,644,0.06733358984224702,0.0810046590257303,-0.013671069183483278
1630578,Alperen Sengun,3,96,27,549,0.1252783964365256,0.13923691071591612,-0.013958514279390516
1626172,Kevon Looney,7,151,7,320,0.10809141445336629,0.12211503236048357,-0.014023617907117286
1627734,Domantas Sabonis,8,249,53,1579,0.1514978275783215,0.16597082949676886,-0.014473001918447359
1628372,Dennis Smith Jr.,4,93,22,498,0.1417160525637722,0.1562245115631235,-0.014508458999351298
200755,JJ Redick,3,105,12,279,0.07511266900350526,0.0898400267910044,-0.014727357787499146
1628991,Jaren Jackson Jr.,6,164,24,747,0.08947211452430659,0.10470162140342221,-0.015229506879115617
1627742,Brandon Ingram,7,179,50,1083,0.11102229327648992,0.12658671716109124,-0.015564423884601317
1631213,Tyrese Martin,1,16,2,74,0.11547344110854503,0.13108481541840855,-0.015611374309863521
1630551,Justin Champagnie,1,12,1,54,0.0929368029739777,0.10862568393949147,-0.01568888096551377
1628970,Miles Bridges,6,155,21,675,0.08709356337093563,0.10279667882967124,-0.01570311545873561
201586,Serge Ibaka,4,93,10,357,0.09373828271466066,0.10948636480734081,-0.015748082092680152
1630532,Franz Wagner,4,122,22,561,0.08753780041381506,0.10338650704723713,-0.01584870663342207
201960,DeMarre Carroll,2,67,7,176,0.08437801350048216,0.10053006762931822,-0.016152054128836066
1628467,Maxi Kleber,8,171,10,297,0.09231905465288036,0.10851455629603647,-0.016195501643156113
202339,Eric Bledsoe,5,128,34,759,0.1327088212334114,0.14897659556092926,-0.01626777432751786
1629667,Jalen McDaniels,1,30,2,93,0.10416666666666667,0.1206663898692132,-0.01649972320254653
1631096,Chet Holmgren,1,35,5,131,0.09218289085545722,0.1087136929460581,-0.01653080209060087
1630178,Tyrese Maxey,4,122,18,408,0.06012024048096193,0.07667097627709793,-0.016550735796136
200746,LaMarcus Aldridge,5,129,16,400,0.06149116064565719,0.07813354585657807,-0.01664238521092088
1630598,Aaron Wiggins,3,61,3,166,0.10683760683760685,0.12361491719289884,-0.016777310355291994
1627749,Dejounte Murray,7,217,52,1023,0.10652245165519501,0.123307088891996,-0.016784637236800987
203484,Kentavious Caldwell-Pope,8,245,20,610,0.08099789405475458,0.0978768741014582,-0.01687898004670363
1631105,Jalen Duren,3,82,10,357,0.1513317191283293,0.16838034147721914,-0.017048622348889847
1629012,Collin Sexton,6,140,29,920,0.10611826697892272,0.12350651094106592,-0.017388243962143196
1630581,Josh Giddey,4,118,26,752,0.15194015895278168,0.16949610970365228,-0.017555950750870603
201988,Patty Mills,5,164,15,392,0.08175277959450622,0.09932096888618627,-0.017568189291680053
203506,Victor Oladipo,5,98,30,518,0.11122645706658756,0.12890702767270557,-0.01768057060611801
1642275,Tidjane Salaün,1,11,1,58,0.11261261261261263,0.13052479971194528,-0.01791218709933265
1628998,Cody Martin,3,70,5,156,0.11052166224580018,0.12855165139429098,-0.0180299891484908
201935,James Harden,8,257,107,2192,0.1413324879801342,0.15952398972991538,-0.01819150174978118
1627752,Taurean Prince,6,172,20,642,0.11873664212776062,0.1374932538356763,-0.018756611707915663
1628374,Lauri Markkanen,8,204,24,625,0.06397952655150352,0.08280953541863201,-0.01883000886712849
1630217,Desmond Bane,5,127,23,577,0.09088035403824878,0.10994832238296315,-0.019067968344714373
1631133,Jabari Walker,1,19,2,66,0.08237232289950576,0.1015009842519685,-0.019128661352462745
203584,Troy Daniels,1,25,1,56,0.06578947368421052,0.08495661144486923,-0.019167137760658703
1626157,Karl-Anthony Towns,8,230,51,1350,0.11140235910878113,0.1307445271309421,-0.01934216802216096
1630191,Isaiah Stewart,5,97,8,354,0.1156737998843262,0.13521565751478204,-0.019541857630455836
1628378,Donovan Mitchell,8,249,76,1447,0.09053223424024395,0.11009260865463333,-0.019560374414389375
1627767,Cheick Diallo,1,12,1,49,0.12019230769230768,0.14020830948838273,-0.020016001796075045
203954,Joel Embiid,7,202,71,1368,0.10836385836385835,0.12843864425875504,-0.020074785894896682
202691,Klay Thompson,6,181,19,614,0.06382692824509541,0.08394859174186492,-0.020121663496769512
203897,Zach LaVine,7,199,68,1249,0.10672358591248667,0.12685199855374502,-0.02012841264125835
1641709,Ausar Thompson,2,45,4,164,0.11402508551881414,0.13455416625644057,-0.020529080737626423
1628971,Bruce Brown,7,156,12,504,0.09996667777407532,0.1208354911099603,-0.020868813335884973
203496,Robert Covington,5,150,17,415,0.09585024808299503,0.11676326599516067,-0.02091301791216564
1629632,Coby White,6,171,24,752,0.09507209633972429,0.1165248328054593,-0.02145273646573502
1713,Vince Carter,3,55,3,117,0.07345739471106758,0.09511576482830386,-0.021658370117236286
201563,Michael Beasley,1,20,4,143,0.11848341232227487,0.14020157653241302,-0.021718164210138155
203504,Trey Burke,3,35,3,125,0.06048387096774193,0.08252350269356713,-0.022039631725825203
1629627,Zion Williamson,4,83,21,549,0.10483226837060704,0.12701629695438518,-0.022184028583778145
1628389,Bam Adebayo,8,274,47,1218,0.11697361871577899,0.1391980909976092,-0.022224472281830193
1629308,Juan Toscano-Anderson,3,41,4,163,0.1801801801801802,0.20248447204968945,-0.022304291869509246
203915,Spencer Dinwiddie,7,236,52,896,0.09527299377061195,0.1176439694335758,-0.022370975662963852
203503,Tony Snell,3,62,2,88,0.056818181818181816,0.07956312610755488,-0.022744944289373063
1629674,Neemias Queta,1,10,1,40,0.125,0.14823599169878446,-0.02323599169878446
1629026,Kenrich Williams,6,107,5,244,0.09150805270863836,0.1151464814255512,-0.023638428716912838
1628995,Kevin Knox II,1,19,2,114,0.07739938080495357,0.1011140282409707,-0.02371464743601713
1629750,Javonte Green,2,37,1,62,0.05896226415094339,0.08270195283320883,-0.02373968868226544
1628384,OG Anunoby,7,170,17,604,0.0827653359298929,0.10671302676306174,-0.023947690833168847
1629008,Michael Porter Jr.,4,119,6,341,0.05426917510853835,0.07843552186073899,-0.02416634675220064
1627759,Jaylen Brown,8,240,40,1209,0.08800492827598345,0.11247264933093193,-0.024467721054948474
1629684,Grant Williams,5,108,9,359,0.11712649661634565,0.14171350975810015,-0.024587013141754502
203468,CJ McCollum,8,234,31,975,0.0626313237433328,0.08723114912500447,-0.024599825381671672
1627750,Jamal Murray,7,209,43,973,0.08723525115637426,0.11203997973377551,-0.02480472857740125
203087,Jeremy Lamb,4,92,8,260,0.056338028169014086,0.08130182991657181,-0.024963801747557725
200782,P.J. Tucker,6,170,14,359,0.10785824345146378,0.13287634726992775,-0.025018103818463977
203524,Solomon Hill,3,43,2,124,0.1072961373390558,0.1324673104862832,-0.025171173147227416
202329,Al-Farouq Aminu,2,66,5,151,0.07961783439490447,0.10505663317841539,-0.02543879878351092
1626150,Andrew Harrison,1,17,2,81,0.11415525114155252,0.13966480446927373,-0.025509553327721216
1629022,Lonnie Walker IV,4,74,4,226,0.059488399762046396,0.08520585130447896,-0.02571745154243256
202738,Isaiah Thomas,1,16,4,95,0.13986013986013984,0.16560909281082212,-0.025748952950682275
1631094,Paolo Banchero,3,96,26,583,0.0989646772228989,0.12475071255552798,-0.02578603533262909
1626156,D'Angelo Russell,8,201,56,1274,0.11182108626198083,0.13770174278092667,-0.025880656518945847
1629611,Terance Mann,5,117,5,299,0.07357268981753973,0.09946243712909493,-0.025889747311555203
203994,Jusuf Nurkić,7,155,34,958,0.13727390180878551,0.1635928961748634,-0.026318994366077875
1628989,Kevin Huerter,7,189,15,583,0.07815756565235514,0.10457924344182308,-0.02642167778946794
1642367,Jonathan Mogbo,1,17,1,70,0.125,0.15148891966759004,-0.02648891966759004
201950,Jrue Holiday,8,258,58,1315,0.11371657124931378,0.14030378169371738,-0.026587210444403597
1630183,Jaden McDaniels,5,164,13,416,0.08505626799267207,0.11181352943706188,-0.026757261444389807
1629628,RJ Barrett,6,169,29,870,0.08507392630837832,0.11242924711173141,-0.027355320803353095
202734,E'Twaun Moore,3,83,5,201,0.06925207756232686,0.09674252050363866,-0.027490442941311796
2200,Pau Gasol,1,15,2,108,0.10309278350515465,0.1305988197736287,-0.027506036268474046
1641744,Zach Edey,1,20,1,88,0.125,0.15254472333934266,-0.027544723339342658
203903,Jordan Clarkson,7,165,24,935,0.08172160174339417,0.10938435908954777,-0.027662757346153602
1629637,Jaxson Hayes,3,34,2,135,0.09746588693957116,0.1254040798127299,-0.027938192873158754
203107,Tomas Satoransky,4,90,14,429,0.14906303236797275,0.17700648611179876,-0.027943453743826008
203110,Draymond Green,8,206,53,1309,0.23204903677758318,0.26002145325970366,-0.027972416482120482
1628368,De'Aaron Fox,8,267,80,1449,0.09595087315294569,0.12401574803149606,-0.028064874878550375
201188,Marc Gasol,3,89,17,408,0.1140327341024953,0.14210284345003413,-0.028070109347538827
203082,Terrence Ross,5,121,9,352,0.05663226780770198,0.08508169776660544,-0.028449429958903462
201144,Mike Conley,7,223,34,724,0.08965299019090812,0.11867296092315761,-0.02901997073224949
203083,Andre Drummond,6,147,27,898,0.12433228955608767,0.15369553906399758,-0.029363249507909903
1629661,Cameron Johnson,6,138,7,312,0.04951895868704018,0.07902815631364046,-0.029509197626600286
203460,Andre Roberson,1,19,1,30,0.11415525114155252,0.14373323112303565,-0.029577979981483135
1626179,Terry Rozier,8,226,29,831,0.0632028593845349,0.09287157570989199,-0.029668716325357086
201568,Danilo Gallinari,4,110,7,256,0.04348906560636183,0.0734796036693877,-0.029990538063025873
1629630,Ja Morant,5,132,52,1010,0.11366617119874092,0.14377551659539575,-0.03010934539665483
203458,Alex Len,4,67,6,285,0.09927200529450696,0.1294324952768493,-0.030160489982342345
1629636,Darius Garland,6,171,47,1127,0.12025381230170913,0.15084510737173482,-0.030591295070025684
1629599,Amir Coffey,3,66,2,123,0.04672897196261683,0.07733514410743926,-0.030606172144822433
1629622,Max Strus,4,105,8,292,0.07072135785007072,0.10184435949663774,-0.03112300164656702
204456,T.J. McConnell,7,119,13,727,0.14361467079098542,0.17481172272504303,-0.031197051934057612
1630175,Cole Anthony,5,85,17,596,0.10514596734289955,0.13652815320474643,-0.03138218586184688
203922,Glenn Robinson III,1,22,1,55,0.04892367906066536,0.08031072951346299,-0.03138705045279763
1629656,Quentin Grimes,2,62,6,210,0.08680555555555555,0.1184914347620015,-0.031685879206445944
202689,Kemba Walker,5,138,30,643,0.07166061532581694,0.10352466881766134,-0.0318640534918444
1630163,LaMelo Ball,5,101,23,769,0.1153923339353803,0.14728189256274324,-0.03188955862736294
1628365,Markelle Fultz,2,59,14,286,0.12098167991704113,0.1529509915074764,-0.03196931159043527
203090,Maurice Harkless,4,76,4,160,0.08210180623973727,0.11436413540713633,-0.03226232916739906
203076,Anthony Davis,8,212,33,978,0.06091258121677496,0.09317906386481604,-0.032266482648041085
1630537,Chris Duarte,1,19,3,90,0.08600917431192662,0.11837743989056664,-0.03236826557864002
1628422,Damyean Dotson,2,30,1,92,0.04844961240310077,0.08086916775078232,-0.032419555347681546
1629629,Cam Reddish,3,49,3,161,0.08865248226950354,0.12130070520161533,-0.032648222932111795
1630193,Immanuel Quickley,4,116,9,358,0.05969753250198992,0.092412853130679,-0.03271532062868908
202681,Kyrie Irving,8,209,44,911,0.06444053895723492,0.09729912163778667,-0.03285858268055175
1628969,Mikal Bridges,7,230,19,691,0.058168013715405344,0.09106435917575553,-0.03289634546035019
1629639,Tyler Herro,6,168,34,811,0.08344786962497545,0.11669669220276158,-0.03324882257778612
1630205,Lamar Stevens,2,26,1,68,0.05938242280285036,0.09275931685491351,-0.03337689405206315
1631099,Keegan Murray,3,97,2,184,0.03012048192771084,0.06382506382506382,-0.03370458189735298
1628978,Donte DiVincenzo,6,130,12,577,0.09797517962116263,0.13180376999899493,-0.0338285903778323
1629631,De'Andre Hunter,6,158,12,448,0.06195786864931846,0.09605735996637992,-0.034099491317061456
203552,Seth Curry,6,141,8,380,0.06887052341597796,0.10314427169286894,-0.034273748276890975
1630182,Josh Green,3,78,5,202,0.10245901639344263,0.13675259965337955,-0.03429358325993692
1628973,Jalen Brunson,7,187,33,850,0.06782308451167379,0.10222194428543253,-0.03439885977375874
1641717,Cason Wallace,2,30,1,104,0.06297229219143577,0.0974184120798831,-0.03444611988844733
101150,Lou Williams,4,121,26,705,0.09557418026760772,0.1301525646516711,-0.03457838438406338
2546,Carmelo Anthony,4,125,8,319,0.043696744592527856,0.078523463500128,-0.03482671890760014
1938,Manu Ginobili,1,24,5,105,0.13297872340425532,0.1678281439805639,-0.034849420576308576
201942,DeMar DeRozan,8,303,62,1231,0.05778191985088537,0.09316300119575582,-0.03538108134487045
1628370,Malik Monk,6,147,26,740,0.09450421634195987,0.13055843725079216,-0.0360542209088323
201162,Jared Dudley,1,20,2,43,0.10593220338983052,0.14227104287983058,-0.036338839490000066
2037,Jamal Crawford,2,42,4,194,0.09532888465204957,0.1317827351031166,-0.03645385045106704
203935,Marcus Smart,7,192,32,807,0.12243648607284971,0.15906618099247838,-0.03662969491962867
202692,Alec Burks,6,143,13,402,0.054594322190492185,0.09130304434329944,-0.03670872215280726
1629673,Jordan Poole,4,119,23,831,0.10341726618705036,0.1402162468615858,-0.036798980674535436
202693,Markieff Morris,4,68,7,311,0.0887423935091278,0.1256971950529464,-0.03695480154381861
1628373,Frank Ntilikina,5,73,6,298,0.1362397820163488,0.17370826338369708,-0.03746848136734829
202325,Wesley Johnson,1,23,1,55,0.08503401360544217,0.1226255239454205,-0.03759151033997833
1630167,Obi Toppin,3,50,2,193,0.059241706161137435,0.09685254325745714,-0.0376108370963197
201143,Al Horford,8,218,15,539,0.0653993721660272,0.10301121465320195,-0.03761184248717475
1627824,Guerschon Yabusele,1,26,3,87,0.08474576271186442,0.12241107609185051,-0.03766531337998609
1630541,Moses Moody,2,38,1,98,0.044169611307420496,0.08266972600890808,-0.038500114701487585
1630611,Gui Santos,1,11,1,42,0.13661202185792348,0.1753799899782863,-0.03876796812036282
202326,DeMarcus Cousins,1,28,15,242,0.1502403846153846,0.1891570785392696,-0.038916693923885
1629001,De'Anthony Melton,5,97,9,403,0.09065269943593876,0.12981072758429646,-0.0391580281483577
203081,Damian Lillard,8,249,59,1444,0.07411687854881664,0.11347241300186398,-0.03935553445304733
201939,Stephen Curry,7,206,57,1353,0.08399151243663798,0.12363119343850056,-0.039639681001862576
1627832,Fred VanVleet,8,241,31,895,0.06786339754816112,0.1075922889387914,-0.03972889139063028
200794,Paul Millsap,3,72,8,238,0.07809449433814916,0.11791284358217237,-0.03981834924402321
201959,Taj Gibson,5,107,5,258,0.06879471656576774,0.10872313527180784,-0.039928418706040095
1629029,Luka Dončić,7,220,63,1777,0.09967092773066699,0.1396160832699548,-0.03994515553928782
203991,Clint Capela,8,209,10,552,0.05470459518599562,0.09468462472640946,-0.03998002954041383
1641731,Bilal Coulibaly,2,43,3,212,0.11029411764705882,0.15067091198544463,-0.04037679433838581
1628988,Aaron Holiday,4,65,4,244,0.07836990595611286,0.11910805639083064,-0.040738150434717776
202704,Reggie Jackson,7,162,28,766,0.08095293165259627,0.12176511731417307,-0.040812185661576794
1628398,Kyle Kuzma,8,239,35,1174,0.0805486513854368,0.12138733105034162,-0.040838679664904814
203118,Mike Scott,3,48,2,149,0.057736720554272515,0.09885618746848544,-0.04111946691421293
1642274,Yves Missi,1,27,2,82,0.08210180623973727,0.12353862841991081,-0.04143682218017354
1630591,Jalen Suggs,4,70,12,471,0.12062726176115801,0.16246309224868236,-0.041835830487524345
200768,Kyle Lowry,7,204,46,1025,0.12352309344790549,0.16568387839288257,-0.042160784944977076
1626164,Devin Booker,8,243,55,1634,0.08102533883323512,0.12380851354013549,-0.042783174706900365
1626192,Pat Connaughton,7,143,4,278,0.046620046620046623,0.08940401610558679,-0.04278396948554017
2544,LeBron James,8,248,84,1852,0.09963467286615742,0.1430721262742844,-0.04343745340812698
202711,Bojan Bogdanovic,7,224,23,881,0.06746450780241699,0.11136167136045788,-0.043897163558040894
202722,Davis Bertans,4,98,3,171,0.032411408815903195,0.07667336250807089,-0.04426195369216769
1627863,Danuel House Jr.,3,45,2,122,0.05611672278338945,0.10104691227140207,-0.04493018948801262
1642273,Kyshawn George,1,17,1,97,0.09689922480620154,0.14182945373727923,-0.04493022893107769
1627741,Buddy Hield,8,291,30,1054,0.06360783648545501,0.10904290538303649,-0.045435068897581476
1630573,Sam Hauser,1,13,0,23,0.0,0.04583134066634784,-0.04583134066634784
1641726,Dereck Lively II,2,30,1,91,0.09505703422053233,0.14091922695738354,-0.045862192736851215
1629723,John Konchar,2,29,1,83,0.08417508417508417,0.1301266775366863,-0.045951593361602136
1630174,Aaron Nesmith,3,79,4,176,0.044563279857397504,0.09081714792874981,-0.04625386807135231
203471,Dennis Schröder,8,270,44,1234,0.08861677273825828,0.1349394849991908,-0.04632271226093253
1631095,Jabari Smith Jr.,3,92,5,254,0.04525706010137581,0.09161472760849491,-0.0463576675071191
1629134,Kendrick Nunn,2,39,2,194,0.05910165484633569,0.10564147244609016,-0.04653981759975447
1628402,Frank Jackson,4,49,2,169,0.04351610095735422,0.09052536852931094,-0.04700926757195672
202397,Ish Smith,4,80,6,342,0.0715648854961832,0.11884408490054628,-0.04727919940436308
201936,Tyreke Evans,2,40,6,235,0.07845188284518828,0.12591354293919715,-0.04746166009400887
204060,Joe Ingles,7,155,15,779,0.13020833333333334,0.17787499885831196,-0.04766666552497861
1630558,Davion Mitchell,3,92,8,304,0.0963855421686747,0.14407582938388624,-0.04769028721521154
1629027,Trae Young,7,241,99,2051,0.11483853006681514,0.1627163071728458,-0.04787777710603065
202709,Cory Joseph,6,147,8,467,0.08853474988933156,0.13658165652784277,-0.0480469066385112
1630245,Ayo Dosunmu,4,90,7,379,0.08710801393728224,0.1351949089663832,-0.04808689502910096
202684,Tristan Thompson,4,67,4,260,0.08389261744966443,0.1321111359525213,-0.04821851850285687
1629023,P.J. Washington,6,165,17,627,0.07035259063069028,0.1188679674525476,-0.04851537682185732
1628418,Thomas Bryant,3,49,3,151,0.045207956600361664,0.09397794319002216,-0.048769986589660495
1629655,Daniel Gafford,5,84,5,331,0.07783312577833125,0.12704578254060858,-0.04921265676227733
203901,Elfrid Payton,4,75,15,479,0.12108492089118503,0.17037774774133882,-0.04929282685015379
201142,Kevin Durant,7,195,47,1333,0.08063409278067526,0.12998537298878596,-0.04935128020811069
1630625,Dalano Banton,1,10,1,86,0.08333333333333333,0.13271604938271606,-0.04938271604938273
1630172,Patrick Williams,4,90,4,342,0.08169934640522876,0.13210958142122095,-0.05041023501599219
1630173,Precious Achiuwa,4,60,4,271,0.06844626967830253,0.11960244324400662,-0.051156173565704094
1626185,Jarell Martin,1,21,2,86,0.08431703204047218,0.135852394793378,-0.05153536275290581
1631110,Jeremy Sochan,3,67,6,321,0.08792497069167643,0.14033400367229168,-0.05240903298061525
203085,Austin Rivers,5,111,5,290,0.05744485294117647,0.11014387068349969,-0.052699017742323225
201609,Goran Dragic,5,111,15,533,0.08666512595331638,0.13985390121539076,-0.053188775262074384
2548,Dwyane Wade,2,66,13,306,0.08891928864569085,0.14341419519328108,-0.05449490654759023
1629634,Brandon Clarke,5,88,2,218,0.02701242571582928,0.08309066792700219,-0.05607824221117291
203546,Ian Clark,2,41,1,115,0.054945054945054944,0.11108535218886442,-0.05614029724380948
1630230,Naji Marshall,4,76,5,312,0.07400828892835998,0.13058545813731565,-0.05657716920895567
202083,Wesley Matthews,6,133,4,279,0.03863987635239567,0.0956540819265212,-0.05701420557412552
202357,Nemanja Bjelica,3,66,3,233,0.06244796003330558,0.1196565395123354,-0.057208579479029825
1629676,Isaiah Roby,2,26,2,156,0.0970873786407767,0.1543759648497803,-0.05728858620900361
1628367,Josh Jackson,3,62,6,461,0.08384572386808273,0.14169791602631093,-0.057852192158228205
203121,Darius Miller,2,61,2,117,0.043215211754537596,0.10185249669197019,-0.058637284937432595
1642261,Dalton Knecht,1,12,0,37,0.0,0.058640801318625584,-0.058640801318625584
1628366,Lonzo Ball,6,138,22,678,0.117245789810275,0.17614232715709402,-0.05889653734681902
1629312,Haywood Highsmith,3,47,2,133,0.05973715651135005,0.11916708479678877,-0.059429928285438714
1630169,Tyrese Haliburton,5,163,22,711,0.06855291038264988,0.1286123612578325,-0.060059450875182635
201976,Patrick Beverley,6,130,7,383,0.07569204152249134,0.1359447986029276,-0.06025275708043626
1629011,Mitchell Robinson,5,95,3,199,0.04363001745200698,0.10412524330772933,-0.060495225855722354
1642259,Alex Sarr,1,19,1,114,0.05175983436853002,0.11235955056179775,-0.06059971619326773
201566,Russell Westbrook,8,278,84,2209,0.11053795136330141,0.1713859216822975,-0.06084797031899608
1626161,Willie Cauley-Stein,4,106,4,262,0.041701417848206836,0.10299551851560657,-0.06129410066739973
203918,Rodney Hood,3,55,1,161,0.01971608832807571,0.08130163411234775,-0.06158554578427204
1627777,Georges Niang,4,93,2,267,0.03646973012399708,0.09956445213448287,-0.06309472201048578
1641733,Nick Smith Jr.,1,17,1,82,0.059241706161137435,0.122344234900931,-0.06310252873979358
101108,Chris Paul,8,236,38,1069,0.08054260279779567,0.14409726902650094,-0.06355466622870527
201952,Jeff Teague,3,71,10,390,0.1016260162601626,0.1660874897792314,-0.06446147351906881
1628972,Troy Brown Jr.,2,43,1,128,0.034387895460797804,0.09897009247518015,-0.06458219701438235
204025,Tim Frazier,1,10,1,76,0.14534883720930233,0.21066637099456703,-0.0653175337852647
203145,Kent Bazemore,4,103,11,451,0.08453735013833384,0.14991158208240815,-0.06537423194407431
202328,Greg Monroe,1,13,1,94,0.11013215859030837,0.17657224434593133,-0.06644008575562296
1630557,Corey Kispert,4,92,1,267,0.025176233635448138,0.09210707879122394,-0.0669308451557758
1641767,Ben Sheppard,1,18,0,22,0.0,0.06856145599601098,-0.06856145599601098
1630198,Isaiah Joe,3,70,0,124,0.0,0.06902233206421303,-0.06902233206421303
2594,Kyle Korver,2,54,1,114,0.03026634382566586,0.09958071278825996,-0.0693143689625941
1627761,DeAndre' Bembry,3,58,5,273,0.1179245283018868,0.18762886597938144,-0.06970433767749465
1631170,Jaime Jaquez Jr.,2,40,3,208,0.06775067750677506,0.13807020338803036,-0.0703195258812553
203210,JaMychal Green,3,55,3,217,0.060876623376623376,0.13172271458055115,-0.07084609120392778
1631117,Walker Kessler,3,58,4,210,0.06146281499692686,0.1336932440347348,-0.07223042903780794
201599,DeAndre Jordan,4,97,10,449,0.11814744801512288,0.1905287278282271,-0.07238127981310423
1629731,Dean Wade,3,37,0,55,0.0,0.0727013165547507,-0.0727013165547507
202322,John Wall,3,45,12,420,0.08625646923519263,0.15903789645875616,-0.07278142722356352
1630322,Lindy Waters III,1,12,0,20,0.0,0.07303534910896874,-0.07303534910896874
1641764,Brandin Podziemski,2,58,2,163,0.03816793893129771,0.1112202843964082,-0.0730523454651105
203476,Gorgui Dieng,1,11,1,60,0.05434782608695653,0.12808470668602168,-0.07373688059906515
201583,Ryan Anderson,1,11,0,42,0.0,0.07461095715199319,-0.07461095715199319
1642346,Ryan Dunn,1,18,0,40,0.0,0.0748839299086416,-0.0748839299086416
201967,Dante Cunningham,1,20,0,33,0.0,0.07859388396684767,-0.07859388396684767
1627826,Ivica Zubac,5,126,6,518,0.055391432791728215,0.13494081360453483,-0.07954938081280662
202362,Lance Stephenson,2,33,3,217,0.0700280112044818,0.15006915629322268,-0.08004114508874088
203079,Dion Waiters,2,30,3,134,0.044589774078478,0.12503265778374947,-0.08044288370527147
1627884,Derrick Jones Jr.,6,117,1,266,0.013827433628318585,0.09458114066277912,-0.08075370703446053
1628436,Luke Kornet,2,21,0,56,0.0,0.08212106992022525,-0.08212106992022525
101123,Gerald Green,1,17,0,55,0.0,0.08296627043987209,-0.08296627043987209
1626209,Mario Hezonja,2,28,1,128,0.040584415584415584,0.12365238224042661,-0.08306796665601103
1630559,Austin Reaves,4,119,8,490,0.04821600771456123,0.13157046806865294,-0.08335446035409172
1627819,Isaiah Taylor,1,16,1,84,0.07331378299120234,0.15670472352809492,-0.08339094053689258
2730,Dwight Howard,2,54,5,292,0.07603406326034062,0.15954191799982517,-0.08350785473948455
1630688,Ish Wainright,1,11,0,22,0.0,0.0837648492232714,-0.0837648492232714
1631260,AJ Green,1,25,0,40,0.0,0.08405480373203329,-0.08405480373203329
1627782,Wayne Selden,2,29,1,133,0.05567928730512249,0.13978811065332547,-0.08410882334820298
1627823,Juancho Hernangomez,2,27,0,64,0.0,0.08448621818565846,-0.08448621818565846
1630563,Joshua Primo,1,11,1,57,0.07507507507507508,0.16149138712601996,-0.08641631205094488
1631217,Moussa Diabaté,1,21,1,61,0.06887052341597796,0.15559636771757984,-0.08672584430160188
203463,Ben McLemore,3,32,0,147,0.0,0.08711007869536361,-0.08711007869536361
1641871,Duop Reath,1,10,0,52,0.0,0.08784970942019192,-0.08784970942019192
1629669,Jaylen Nowell,1,11,0,65,0.0,0.08860897540760129,-0.08860897540760129
200826,J.J. Barea,1,25,2,143,0.07352941176470588,0.16289242265457693,-0.08936301088987104
1628392,Isaiah Hartenstein,4,74,3,339,0.071360608943863,0.16244345626006287,-0.09108284731619988
1627774,Jake Layman,1,11,0,46,0.0,0.09177240443699625,-0.09177240443699625
201584,Courtney Lee,1,29,0,84,0.0,0.09400599847799812,-0.09400599847799812
203895,Jordan McRae,1,10,0,43,0.0,0.09410014005602241,-0.09410014005602241
1628400,Semi Ojeleye,2,32,0,46,0.0,0.09443258334701922,-0.09443258334701922
203457,Nerlens Noel,3,47,2,157,0.08802816901408451,0.18607186877785153,-0.09804369976376702
1642258,Zaccharie Risacher,1,11,0,92,0.0,0.09823182711198429,-0.09823182711198429
1641783,Tristan da Silva,1,10,0,56,0.0,0.09881422924901186,-0.09881422924901186
1629642,Nassir Little,1,12,0,40,0.0,0.10091835704914724,-0.10091835704914724
1630544,Tre Mann,1,18,0,71,0.0,0.10214651550900615,-0.10214651550900615
101162,Marcin Gortat,1,34,1,99,0.031525851197982346,0.13548281147361507,-0.10395696027563273
2216,Zach Randolph,1,21,1,116,0.020955574182732608,0.12525915687629577,-0.10430358269356316
1628425,Sterling Brown,1,10,0,41,0.0,0.10522533620778154,-0.10522533620778154
1641708,Amen Thompson,2,56,2,228,0.039651070578905635,0.14729824017365686,-0.10764716959475124
1642348,Justin Edwards,1,14,0,49,0.0,0.10956086217690725,-0.10956086217690725
1627885,Shaquille Harrison,1,14,0,60,0.0,0.11108642523883581,-0.11108642523883581
1630613,Duane Washington Jr.,1,18,0,57,0.0,0.11158092553441391,-0.11158092553441391
1631218,Trayce Jackson-Davis,2,24,0,94,0.0,0.11312217194570136,-0.11312217194570136
2207,Joe Johnson,1,14,0,49,0.0,0.1142723880597015,-0.1142723880597015
1630194,Paul Reed,1,18,0,67,0.0,0.11464750171115674,-0.11464750171115674
1629740,Nicolo Melli,1,12,0,46,0.0,0.1146788990825688,-0.1146788990825688
1626143,Jahlil Okafor,1,10,0,52,0.0,0.11474975726012887,-0.11474975726012887
1629633,Jarrett Culver,1,11,0,81,0.0,0.11547014882819182,-0.11547014882819182
1628021,David Nwaba,2,38,0,106,0.0,0.11550363945429978,-0.11550363945429978
2747,JR Smith,1,35,0,81,0.0,0.11560858643525919,-0.11560858643525919
1629056,Terence Davis,1,13,0,63,0.0,0.11597938144329896,-0.11597938144329896
101109,Raymond Felton,1,21,0,76,0.0,0.11739990113692536,-0.11739990113692536
1641710,Anthony Black,2,31,1,195,0.046992481203007516,0.16471263979457376,-0.11772015859156625
1631119,Jaylin Williams,1,13,0,34,0.0,0.12141122696757607,-0.12141122696757607
203917,Nik Stauskas,1,10,0,51,0.0,0.12225524978425543,-0.12225524978425543
202498,Lance Thomas,1,24,0,41,0.0,0.12374743450440662,-0.12374743450440662
1628412,Frank Mason III,1,13,0,65,0.0,0.13115415657788537,-0.13115415657788537
201580,JaVale McGee,1,23,0,108,0.0,0.13237240770701575,-0.13237240770701575
1641842,Ronald Holland II,1,12,0,72,0.0,0.13291980505095258,-0.13291980505095258
202344,Trevor Booker,1,14,0,59,0.0,0.13320689966585386,-0.13320689966585386
203998,Bruno Caboclo,1,15,0,38,0.0,0.13333333333333333,-0.13333333333333333
1891,Jason Terry,1,13,0,25,0.0,0.13664188893747267,-0.13664188893747267
201596,Mario Chalmers,1,18,1,117,0.05091649694501018,0.18849078489496068,-0.1375742879499505
1628410,Edmond Sumner,1,12,0,51,0.0,0.13801688677202859,-0.13801688677202859
1642262,Cody Williams,1,12,0,44,0.0,0.13810420590081607,-0.13810420590081607
203086,Meyers Leonard,2,21,0,82,0.0,0.13833592010257104,-0.13833592010257104
1629016,Omari Spellman,1,11,0,54,0.0,0.1386464003286433,-0.1386464003286433
1630215,Jared Butler,1,10,0,80,0.0,0.1396063102052213,-0.1396063102052213
1630197,Aleksej Pokusevski,1,13,0,43,0.0,0.1398828887443071,-0.1398828887443071
1629048,Goga Bitadze,3,42,0,162,0.0,0.14725130890052357,-0.14725130890052357
1628462,Milos Teodosic,1,16,1,97,0.0536480686695279,0.2032520325203252,-0.1496039638507973
1626246,Boban Marjanovic,1,15,0,59,0.0,0.1566482582837723,-0.1566482582837723
1629234,Drew Eubanks,2,32,0,128,0.0,0.15784541015143294,-0.15784541015143294
1629019,Allonzo Trier,1,12,0,116,0.0,0.15844397093372672,-0.15844397093372672
1642270,Donovan Clingan,1,14,0,72,0.0,0.1593766601735435,-0.1593766601735435
1629626,Bol Bol,1,15,0,112,0.0,0.17568076295645627,-0.17568076295645627
1629067,Isaac Bonga,1,10,0,58,0.0,0.17607771706132364,-0.17607771706132364
1628414,Sindarius Thornwell,2,36,0,73,0.0,0.17862386219046686,-0.17862386219046686
2749,Jameer Nelson,1,15,0,67,0.0,0.20950594121325827,-0.20950594121325827
101181,Jose Calderon,1,12,0,35,,0.21896896896896897,
1641722,Jordan Hawkins,1,10,0,40,,0.0753012048192771,
